arp_request_rate,arp_reply_rate,arp_reply_req_ratio,mac_change_rate,ip_mac_binding_conflicts,label
2.5691323774607775,0.746382594507741,0.2905181904497762,0,0,0
3.47878483267585,93.37010235130997,26.83978413279714,5,5,1
1.2336273881259925,1.9428766390771366,1.5749171172807457,0,0,0
2.6551364922024008,27.590116224412284,10.39118417964454,10,9,1
1.0992820047796497,137.7772077365841,125.33267515595294,6,7,1
1.6913279891631,2.244875112847349,1.3272776507303239,0,0,0
2.587787572200718,1.045199685593697,0.4038954579839245,0,0,0
1.6431291072694154,0.4322332351533058,0.26305334298299016,0,0,0
0.4713329329775401,0.5708983498881125,1.2112165261111836,0,0,0
1.416604701468733,2.233650130918735,1.5767520474006849,0,0,0
3.3020120847545145,19.691261034096215,5.9633947104748515,13,5,1
1.321179598984958,114.35790598220574,86.55677131432498,15,4,1
2.791728084530459,2.9803325120479345,1.0675544846282365,0,0,0
2.231573039950488,1.9913345583123276,0.8923416797236948,0,0,0
1.4414731358591437,78.1882164773877,54.24150621837587,4,8,1
0.28903133947715587,112.83507714505535,390.37695213135135,3,8,1
1.909595608034049,0.9482852953683921,0.49658698706098675,0,0,0
0.2655518826590131,1.7466255368031993,6.577094270136285,0,0,0
1.438284647411729,2.0753245781056693,1.4429064182643674,0,0,0
1.228957280721732,0.9949505839891696,0.8095826468259333,0,0,0
0.27990661452346643,1.1518463286596592,4.11496234555629,0,0,0
2.8640483317429997,2.329660121785079,0.8134122465191908,0,0,0
4.0327737609275,145.2087900588734,36.00708559327189,4,3,1
2.902195463469739,3.1072308156667914,1.0706446717083682,0,0,0
0.5791068769579122,108.59515825445142,187.51855208382,8,3,1
2.770529961542258,0.2893416755500776,0.1044351207946525,0,0,0
3.35178535747102,139.04502691995282,41.48374590054459,20,3,1
4.3642749797385845,20.82225140954187,4.771056772463355,8,8,1
3.7981485650613127,113.2210097833471,29.809447879519848,5,2,1
0.9698320023533656,1.9478540612387487,2.00842411084712,0,0,0
3.310890210853143,17.478381839895235,5.27904217185436,13,6,1
2.4241927510465655,1.3154900884041756,0.542648542015002,0,0,0
1.6970727190612376,74.90466745050719,44.13731081531585,9,8,1
3.1799302568282806,112.06375217518647,35.240835715247215,12,9,1
0.4957183294038524,36.93728608904959,74.5111463237722,8,1,1
2.2847967372509306,1.266404715145839,0.554272137988166,0,0,0
0.9008917176806084,2.2916271111127204,2.543703787148465,0,0,0
1.2292303610339332,2.371099367645236,1.9289143464593592,0,0,0
1.1112927693006518,29.87323623424047,26.881275795830007,11,7,1
1.7618740330939495,35.34949405920773,20.063462404578573,21,5,1
2.811343833413963,90.57242249426818,32.21665712006151,6,4,1
0.29822428089888,2.5296555117007324,8.482108441981703,0,0,0
4.3709666940838705,141.09492623896642,32.279953912803705,7,3,1
0.5411024213445913,1.465002596941882,2.7073904407914875,0,0,0
4.592155632661204,132.15057599302307,28.777397542701557,15,4,1
1.0778901071801563,78.48361306409679,72.81158294845527,14,2,1
2.8467435144184288,1.360034425651424,0.4777492743095003,0,0,0
0.8173094950552732,1.4966868194612901,1.8312138992354186,0,0,0
1.8739901640796215,1.400760193526149,0.7474706888374819,0,0,0
0.3996605900310536,18.119940243151945,45.33718691121121,17,3,1
1.524177615211179,2.9740429494611247,1.951231541170255,0,0,0
4.310240929746297,134.15758311563303,31.125237324298798,16,3,1
1.9891191262204062,2.6721995914923253,1.3434017712916597,0,0,0
2.3554109391966,2.76080111052446,1.1721051912980485,0,0,0
1.3542438471573828,1.0666300125643047,0.7876145338654132,0,0,0
2.3070095917272706,3.047395393967148,1.3209230666678284,0,0,0
1.7513323993154115,141.24640727084386,80.65036701335853,7,2,1
2.7428836512280292,0.16489576526287314,0.06011744756820854,0,0,0
1.8532546218425034,108.65507532427435,58.62901284774443,8,6,1
4.775803502558191,106.17287464616899,22.231369501614104,20,6,1
4.774933209353266,22.3081451343133,4.6719184200171435,18,6,1
0.6710845429149422,3.0494324121216803,4.543968423400189,1,0,0
2.1642823049206203,116.01155172662375,53.602533938168165,3,4,1
4.399889881395765,139.7505037147264,31.76220084135047,22,7,1
2.425046805849556,134.8581195500388,55.610293014474244,4,1,1
2.2303640720605515,0.1742334223384988,0.07811847551542404,0,0,0
0.8561363575473742,89.42962420846067,104.45600033229384,22,7,1
2.9067941010505884,1.015878810180003,0.3494830662351274,0,0,0
1.5032440672363514,2.8823502122184608,1.9174072267886828,0,0,0
0.19972671123413335,2.9188932464442248,14.613704353140514,0,0,0
2.4969981151552463,2.583040171250431,1.034454055464628,0,0,0
1.3830939659683337,16.215764675704158,11.724183484898935,22,5,1
2.6115334087046085,138.79213111749786,53.145634361230954,13,9,1
1.4226029542294043,2.5340454803183423,1.7812613562843413,0,0,0
1.9897553053841022,2.389652120210225,1.2009718501695,0,0,0
4.0902541619340465,126.7880382689383,30.99751831407086,21,6,1
1.734310532420599,66.44975901111818,38.314577823958494,14,9,1
1.3755813551701213,2.096265396287602,1.5239012577455127,0,0,0
1.6696730781607199,3.0852752119628835,1.8478208543393417,0,0,0
0.6506384543781679,0.2207693236802391,0.3393066135709657,0,0,0
4.707724259516907,48.749829255217286,10.355263608320119,6,5,1
1.065705547868774,2.1754095611143893,2.0412666076466555,1,0,0
1.6068738598287218,3.1892315572757197,1.9847305937939166,0,0,0
0.16772107935173913,2.4442622032455485,14.572506256397645,0,0,0
3.881660143907693,142.1665483393847,36.62509772050467,19,5,1
2.681281402033044,1.172220128287358,0.4371849055266958,0,0,0
4.518846153767636,60.381554772988345,13.362132521665842,19,5,1
0.6773709178141843,1.1782492770424426,1.7394190566284213,0,0,0
2.434427199331903,50.78703778152488,20.861921513301994,21,8,1
1.1471070587650876,57.8294542207095,50.412862208644135,13,9,1
0.5391537116728935,1.5799901873890965,2.9304460837818116,0,0,0
4.198371865054402,55.172046719510085,13.1412645378305,6,1,1
3.5948860095989077,105.67491772327851,29.395820474670405,12,1,1
1.3238993543701532,1.0146261937278844,0.7663864526515038,0,0,0
0.24459442455757632,0.564718685066133,2.308701840073242,0,0,0
1.0100977438508052,0.8486519467777837,0.8401598264582071,0,0,0
1.7644546116001303,1.3179748375688551,0.7469545316489122,0,0,0
4.876364122504335,74.33148919693159,15.243188346417837,5,2,1
2.5256823581626224,1.8016198580842224,0.7133172226069747,0,0,0
1.6159252052077828,1.425377156911504,0.8820756873900917,0,0,0
1.4159896700125538,0.8317564363740383,0.5873987501470704,0,0,0
1.7186019554608778,146.37453604263266,85.1702070252267,12,2,1
1.3630079801622392,139.80672817449715,102.57144821952828,19,8,1
2.9257449422318826,3.1572533078867693,1.0791243184155028,0,0,0
0.35053553026202433,37.986333512360225,108.36347987083548,8,3,1
2.3356733494677506,2.718828007162352,1.1640396408108622,0,0,0
0.41288513828058293,0.19743047562887617,0.47816129889791115,0,0,0
1.700529832446008,1.8389077117596975,1.0813670322056879,0,0,0
2.863567202361963,40.38554749948608,14.10318096755865,11,1,1
1.6306001520651896,19.733768117527024,12.102076080253727,19,4,1
1.1380284158640752,16.505869287097116,14.503789201671852,20,1,1
0.5172408506303624,0.12671890803451888,0.24498540288544582,0,0,0
1.283957061267362,88.85326399781454,69.2021366265505,4,7,1
1.0708882214829696,1.0724796867471844,1.001476765235472,0,0,0
0.27924453599874566,0.38631763714527345,1.3833889421477783,0,0,0
1.5298188621604274,77.64948853321695,50.75697710628899,18,2,1
2.540197903945804,1.5609902189343103,0.6145127792530538,1,0,0
0.8788302856155634,0.41303213113505943,0.4699740531873327,0,0,0
0.19747944053151964,0.29422493071159905,1.4898261391582617,0,0,0
0.7109484263989179,145.84748201748144,205.1420682306487,23,3,1
0.21136254424639922,1.2415753329249126,5.873872301397834,1,0,0
1.6035924026443902,133.11112667072004,83.00756250502971,21,4,1
2.045937643545438,2.2607749146133287,1.1050013531605407,0,0,0
1.72762398694122,47.409403169469115,27.441809739693518,4,9,1
4.0929041086026885,29.711169956028634,7.259172601149933,9,7,1
1.7012514916247163,126.61896022543942,74.42651282520798,24,9,1
2.133183003356383,1.3732677848221375,0.6437616205666468,0,0,0
4.8785116181718235,49.93147210224563,10.234959688660137,9,1,1
0.39184868771824666,0.8436097495434286,2.152841766647264,0,0,0
1.7353667435913087,1.6508634591440572,0.951299748161685,0,0,0
0.5469042032544872,108.2446403323874,197.91886860546498,23,1,1
1.9589919024319022,20.833849439249775,10.634930682500443,9,2,1
4.756549624428722,56.18845772063609,11.812835779890914,19,7,1
1.9615911068874596,29.32693150626183,14.95050721744131,21,5,1
1.1512557551413882,2.654392720827933,2.305629876484899,0,0,0
4.948240080418813,37.52201016828548,7.582884769055503,8,1,1
3.544618467028838,95.46407172822315,26.932038891016013,5,4,1
3.2800434087751804,125.33000131331559,38.209744078562316,23,9,1
0.30904457439615274,0.32089585607230164,1.0383145329567927,0,0,0
1.3201360314489887,1.6560307559087095,1.254429977031446,0,0,0
4.964469049191969,103.96968194836518,20.94271743684517,15,1,1
1.7732466760112775,1.1709906465426818,0.6603616173472873,0,0,0
1.9339348405523236,0.5850778196111618,0.3025307688941464,0,0,0
1.8057865741503325,1.5910159586469836,0.8810604590916294,0,0,0
2.081556592158865,1.48229838976792,0.7121071193934645,0,0,0
1.7443471568613367,2.3891925486791123,1.3696693588703148,0,0,0
4.9554202813909045,48.428306768587,9.772775322952178,20,3,1
0.25032381744721416,1.8014618617398035,7.196238527060624,0,0,0
2.10106149169024,41.88618117560405,19.935628721471087,12,9,1
3.1467000425979843,57.07289858230298,18.13732368400315,15,6,1
0.6343210895607552,0.27670740141099537,0.436219201557033,0,0,0
2.244287144176073,148.04575798945444,65.96531050874061,20,3,1
2.95603947699077,2.700584067982396,0.913578777690678,0,0,0
4.133253697617752,137.25358857237285,33.20707281548002,9,4,1
3.0974340794867197,138.71699553761704,44.784342179505614,6,1,1
1.2903187845023691,16.084301623209097,12.465273825083427,4,4,1
2.804860473585008,1.787187294952463,0.6371728433749004,0,0,0
4.523483888595121,28.347858898300878,6.266806056657454,24,3,1
2.5704656707594946,16.3095479146107,6.344953231863013,11,9,1
0.46452627171520045,134.86284579992957,290.31714854467117,20,1,1
2.6480930226945523,112.0673158591112,42.31984741480267,13,4,1
2.126470420344887,112.04664983931445,52.69112697550347,9,8,1
1.9929934223086185,105.44593975304865,52.908057544077934,22,2,1
3.9518501381274103,28.974247845827684,7.331799920317305,7,9,1
2.347885187747232,3.0124467188489863,1.2830413957870839,0,0,0
1.4645252451046844,42.720883710772625,29.17026671332785,13,2,1
2.2757707154226425,0.5713505590159246,0.2510569472462628,0,0,0
0.9531325959013766,142.9212920537458,149.94743983568029,10,9,1
0.9119393716148241,2.4854280928950048,2.7254013986477794,0,0,0
1.3320674443174523,2.914299393038956,2.1877852563836657,0,0,0
0.5877906017229028,2.8259236686032696,4.807622959759148,0,0,0
1.162738451127054,1.3281353439886918,1.1422378956526047,0,0,0
0.6211228508609548,128.18571870759507,206.3740768660301,12,5,1
0.8485869548332698,2.135883660078006,2.516958902471738,0,0,0
2.139727269166194,44.90264186527012,20.985119300542742,15,2,1
2.9297585737919047,1.244322200808534,0.4247168912724215,0,0,0
1.4353542003278434,108.62382800125326,75.67684074637161,4,9,1
1.3144345221870122,1.2877294375734423,0.9796757610057817,0,0,0
2.6699413580854423,42.02081851866453,15.738420998349813,11,4,1
2.5129922429359532,91.01772751278652,36.218721160570894,7,3,1
2.3038333185591964,50.4635968338007,21.904092360482306,24,1,1
1.1307740783557791,2.174578992767087,1.923071817502986,0,0,0
1.1446963974094742,17.145608073900487,14.978170920248044,16,2,1
2.0598864828018133,2.140295455322478,1.0390305887659501,0,0,0
3.422998550241734,49.078211203775396,14.337741341694713,16,5,1
2.031557061562485,114.9048525728639,56.559714294880415,5,7,1
3.3257230791241317,44.89033782208063,13.49787753679348,23,5,1
3.652158538859682,115.60760063327956,31.654508657855033,11,3,1
2.511921426659743,0.9465195109157185,0.37680945461730175,0,0,0
2.3168781114189625,1.3699802654655773,0.591301866807259,0,0,0
2.5558894460866055,25.196991336182528,9.85836566253113,8,4,1
1.801351476692871,20.121672246351295,11.170257889212095,14,9,1
4.284977304968108,140.76709288789974,32.85122752281933,23,3,1
2.2115376682748824,1.9607793713087076,0.8866095899430526,0,0,0
0.3422222525720544,0.754490421929916,2.204615188251621,0,0,0
0.7742673774027105,0.5020048324951296,0.648352705562817,0,0,0
0.7016363006850757,43.27167526803792,61.671636016306486,10,9,1
2.0550203087740893,71.73369624401815,34.90639332069524,9,4,1
2.037446896054874,0.735451315789045,0.36096533733454617,0,0,0
2.407798741364693,2.8590165596344557,1.1873935460563319,0,0,0
1.8038865074425383,125.41706387237933,69.52564260473484,8,9,1
0.4396279311842196,30.600154342905736,69.6030805633181,15,7,1
0.10065841083294107,2.9365047670173348,29.170071750615552,0,0,0
0.920737492082601,104.0637568552022,113.02095064068506,7,7,1
2.352161290071567,49.57193754218721,21.07496922159905,12,3,1
0.7910400446039656,0.795587237379366,1.0057356583269923,0,0,0
2.9619721161415002,2.4939587848196383,0.8419898186517263,0,0,0
4.787987982478352,123.0486882436405,25.69940269271967,17,9,1
2.506979521359891,90.69608478542796,36.17728914009612,9,8,1
2.795270103162546,0.7348874680742494,0.2629029796487324,0,0,0
1.8563498790378932,0.4633321076087237,0.24959174825996433,0,0,0
3.855399430765323,108.9911301257594,28.26966424267006,23,8,1
0.8256354731315452,56.751195052458876,68.73554921485902,21,5,1
1.4625240115653633,37.08713681390115,25.35813630358343,22,3,1
1.141705366249802,2.653011902496639,2.3237069246172974,0,0,0
1.3647669344924185,1.0128438545799447,0.7421314274750964,0,0,0
3.7150436989192688,97.47778096985817,26.238592728340652,14,8,1
1.827989756120162,29.993545943023385,16.407850079084906,16,8,1
0.22085141174691436,0.36285524974199,1.6429092201845867,0,0,0
3.045307036772154,135.98670276771838,44.654366401159926,24,6,1
2.2486217628410072,1.0804374641608512,0.4804866150230775,0,0,0
0.9379966980940069,139.43310037597428,148.64829927046034,23,9,1
1.4905354158992317,17.839981832163264,11.968760993035945,22,3,1
2.107827487847801,0.8233317502129126,0.39060494699407405,0,0,0
1.9260824262516885,1.3900989338590892,0.721719744552612,0,0,0
0.5365666195855503,18.550193102430256,34.57137792689953,23,9,1
0.21797645461416712,86.84126047295281,398.3791590475683,10,6,1
2.6389170861481,1.037645584130556,0.3932073718812563,0,0,0
2.9471128910243674,149.89298535736452,50.86078555253744,19,1,1
2.8152138022598874,0.2984196744867249,0.10600211402275445,0,0,0
0.5012776246896141,3.1464925768221965,6.276820774840459,0,0,0
3.0757696871365194,148.9370736325573,48.422542828876765,6,5,1
2.4867103658961107,0.8285970263169478,0.33320876672772004,0,0,0
1.0852889148044718,82.16471762804852,75.70699325987198,22,9,1
1.3172092190857547,2.079430437758665,1.5786517594253902,0,0,0
0.7258809797408452,2.030960475038901,2.7978863654759656,0,0,0
1.1185362233114646,0.3907072313967511,0.34929913780412164,0,0,0
0.5160614253522582,0.5694811179996077,1.1034928306888787,0,0,0
0.1318879031095934,0.5243454532133026,3.9753888488858404,0,0,0
0.711299994495083,0.8110339088167843,1.140197544099587,0,0,0
2.6660798413184126,2.391107625412055,0.8968593587339968,0,0,0
4.931872740840441,105.07069652674572,21.304378479371685,21,2,1
4.746418960848291,33.350920894588285,7.026529032603017,6,7,1
2.28299180331168,26.193865296227266,11.473431715310488,24,2,1
1.4371522942952892,116.49285751002566,81.05755207497131,19,2,1
2.5049317180185913,2.824834590875029,1.127704716862424,0,0,0
0.8756981973018241,45.361068773604984,51.79929674447333,10,8,1
0.7484279317064126,3.085989872265895,4.123240874804334,0,0,0
1.502630696382006,130.43977196965443,86.80702731113415,12,7,1
1.2256927859989135,2.0941934771712947,1.7085654867501874,0,0,0
2.3147075811159294,1.7225442498582257,0.7441703747840305,0,0,0
0.8906096021272478,1.3820022147285898,1.551731189643337,0,0,0
0.1583997619529405,0.5767294870909702,3.6407446105644787,0,0,0
3.4800141501450264,50.432142039092255,14.49189426946665,12,6,1
2.5663170101988277,78.70683892621061,30.669060728980423,16,1,1
0.34925418532666885,77.28916076145276,221.29140063177033,13,6,1
4.903589277355426,45.49399074603274,9.277673026040627,23,8,1
0.32578390686543185,3.061889393458009,9.398240203192975,0,0,0
3.9522668767422067,17.0810474203328,4.321824597069326,20,4,1
4.740053163501032,44.39341962334832,9.365575540254858,7,5,1
0.8439371810883186,2.127941264569631,2.5214152167977244,0,0,0
2.8211873247810098,0.6618225051135465,0.2345892289419774,0,0,0
2.0604762353523878,2.290552596624,1.1116563446648144,0,0,0
1.904073277453984,80.05652255984695,42.04465398535159,3,4,1
0.9886048031180055,1.8209147389348843,1.8418849618596413,0,0,0
0.7589385156066148,95.52406796843357,125.86369958452687,3,6,1
4.869711702609646,50.9985859378881,10.472587357622174,9,9,1
0.20577734676328596,98.17330589016288,477.06191577993434,11,4,1
0.9500544310945069,87.29599416390593,91.88428837751346,4,1,1
3.23061169469806,95.52966009431516,29.57005465885833,8,8,1
0.7254579419533798,2.1425449577212374,2.9533282366030758,0,0,0
0.29734387408361584,99.01257312132567,332.9789242748637,16,9,1
0.6582301368438984,0.4158241688326253,0.6317210780041479,0,0,0
4.830514298376612,24.93105281912836,5.161148413539066,10,3,1
2.332890541267976,142.43944740593253,61.05680241666623,7,2,1
2.3279929002071027,1.3950770247187347,0.5992591437899955,0,0,0
1.500815122920781,0.9324546438095827,0.6212946662266134,0,0,0
4.080609389490312,36.59200831953537,8.967268158794363,17,8,1
1.1289121400035271,1.3399473567100626,1.1869262805899758,0,0,0
3.2525099683588814,133.12333788710794,40.929291497717614,8,1,1
4.215777009764759,102.85642331433175,24.397917417576355,8,7,1
1.5785766276963273,1.6539544983397612,1.0477438927462728,0,0,0
1.5194130048049328,3.1555164077428626,2.0767859889998013,0,0,0
4.745793335092924,83.15810003786646,17.522449660514265,13,8,1
1.8882037366792979,0.22503494162920112,0.1191787440467191,0,0,0
2.562747890433116,2.1385999661310646,0.8344916131619569,0,0,0
2.2376840004742533,0.2138101247975066,0.09554931315550384,0,0,0
4.010688136457945,148.5609861083492,37.04117863119738,23,7,1
1.4117230251030704,2.0950908551092273,1.4840559920713514,0,0,0
1.8381432026222804,2.3588344811334685,1.2832632654168283,0,0,0
0.37784956972876527,87.25911917495674,230.9300231236514,8,5,1
1.157321811772866,0.7754669181904693,0.6700471811991112,1,0,0
2.5037617610595673,1.4357513233515986,0.5734353848387543,0,0,0
1.662251995009168,88.33471273956673,53.14126955003836,19,8,1
2.8631635493072674,1.1129018802931268,0.3886952226707978,0,0,0
3.61571709250414,138.94503073267578,38.427964052023285,14,4,1
2.912648597452153,0.23379572704678597,0.08026884003889048,0,0,0
1.415354753661489,123.49861600343583,87.25568139516693,5,5,1
2.273171366270375,1.7916575033203803,0.7881718238171052,0,0,0
2.0491930874770476,2.4610208075190245,1.2009648153268213,0,0,0
0.33556594093935077,3.1770035660120666,9.467316271598422,0,0,0
1.132680505103754,3.158197271258237,2.7882261368200902,0,0,0
1.2561227805397082,0.5537593757029723,0.4408446179272902,0,0,0
1.1395506127783905,0.4591940845279021,0.40295713925065363,0,0,0
2.4269651749088403,1.157857794248934,0.4770785487298709,0,0,0
1.1200223303853167,79.0634872714051,70.59036165876162,13,1,1
0.7131992202899794,1.1152417917515356,1.5636951402536499,0,0,0
1.714656677326932,121.50759173121511,70.86368058463616,10,6,1
1.9577840322917734,2.1664614850445196,1.1065829445339979,0,0,0
1.1443955816674054,0.37169251496789946,0.3247908966210575,0,0,0
3.9395240689254543,50.18551639219519,12.73894717348739,7,8,1
3.3437173019231436,53.2450312796898,15.923855766905971,15,9,1
0.8605657284694926,1.94474158517079,2.2598145878799687,0,0,0
3.791930245387956,132.28222612243928,34.885103024324,17,3,1
3.8404386833962008,42.75666407028301,11.133247074785091,19,5,1
0.5799493465246013,2.290472799882075,3.949367854156853,0,0,0
2.604287815292181,1.9250677186070917,0.7391887776057265,0,0,0
1.9653780103067051,18.435364344830273,9.38001262252199,21,4,1
1.6005944200896198,1.4343249719950697,0.8961145889593133,0,0,0
4.473509389825526,89.24843614190364,19.95038544929264,7,1,1
0.4373476960608668,129.58161457630672,296.28291840615725,10,2,1
4.681658749438089,88.22218562570923,18.844175089554977,10,6,1
0.44760956526768014,1.1466070313512469,2.5615659375067006,0,0,0
2.8009757266551305,44.667507398466704,15.947067124760954,13,7,1
2.1891135959006927,1.684452279317452,0.7694642195953313,0,0,0
1.0896187001158535,1.278606418236157,1.173433131946883,0,0,0
4.201155726299536,41.33969070326836,9.84005235605907,11,3,1
2.2873199530780344,1.3189051231865592,0.576613409627117,0,0,0
1.4917748126624497,123.4229670063932,82.7351009064874,14,1,1
0.6659828999340862,1.6171168659604251,2.428129288045672,0,0,0
1.8485343417904385,2.6627928151986113,1.4404808989431754,1,0,0
0.9983847917063877,0.9991411490835543,1.000747557362445,0,0,0
1.3745838970354394,0.4275605212114062,0.3110449727250484,0,0,0
0.6783868259685242,51.78306984446796,76.33153320040823,4,8,1
2.036008307291525,70.50673038925713,34.62971336591312,3,3,1
0.8106794572976515,138.48376564550273,170.82221114250567,11,3,1
2.3607949733435847,1.1853883034168635,0.5021119138604702,0,0,0
0.6248331628575203,2.7485937894456955,4.398853908996749,0,0,0
1.0920370712761316,2.64589764448324,2.422878751363096,0,0,0
4.0769713714114735,48.25701337771075,11.836456677505963,15,8,1
4.2792445020657155,54.489527746039194,12.73341600031865,22,6,1
0.619191748580593,2.572293540419106,4.154209102793427,0,0,0
2.4605137815674545,2.007180258516134,0.8157532447166504,0,0,0
2.3234899555913295,21.219337906188123,9.132489051753742,11,9,1
0.4511977150431816,120.68456342819876,267.4700795323257,14,2,1
4.5322021512461745,24.896285445352177,5.4931862442729456,22,1,1
2.2297765555046607,105.37990076210073,47.26008437980308,10,6,1
0.21414945147721554,0.1677248071572256,0.7831772354677975,0,0,0
3.1443288633064213,50.32563449606337,16.00515615010514,9,9,1
1.3929715708500456,56.06095935553779,40.24529866631864,17,3,1
1.2853290961844797,0.17869770254706907,0.1390276722131397,0,0,0
2.3215878519523776,2.544186764085226,1.0958774629919903,0,0,0
0.8945654884629183,3.0625133485261173,3.4234264050630356,1,0,0
1.5652318800987857,2.6620181449339992,1.7007072062025286,0,0,0
0.8795130835875746,0.7157981883819579,0.813848097610147,0,0,0
0.697167517294472,128.0934283140586,183.73143874625956,6,9,1
2.5667865677392996,1.8397906436758273,0.7167652734147992,0,0,0
4.828821287412827,69.55087148159677,14.40325149956947,10,7,1
2.8471216848742644,0.5753893496598487,0.2020943930049583,0,0,0
2.747336910864903,49.45637863647826,18.001504812112973,3,4,1
1.6531883382619157,81.77343203985436,49.46377585028701,20,3,1
0.5979899906935096,98.70018001945013,165.05047082857988,24,2,1
0.7002784774714376,1.7013751481825352,2.4295346887982014,0,0,0
0.21824791050881537,1.9317681238835498,8.850850442854973,0,0,0
2.2163470172103885,97.07428986228724,43.79903107147851,16,9,1
0.2962382495100046,2.294288801412283,7.744480533495279,0,0,0
0.7710038454928593,1.657524590215767,2.149798735658526,0,0,0
2.093845420550591,122.01349733466601,58.272169194271235,3,8,1
2.0125673467888485,2.2329412269297997,1.1094933720150189,0,0,0
4.013851013224186,20.401772622241786,5.082829862575087,16,3,1
2.0282440010129323,2.5658948784481606,1.2650757139720785,0,0,0
0.2158491225296736,1.223109819000635,5.666241040299315,0,0,0
3.888421141362762,134.4770688138799,34.58388844369513,19,1,1
3.990408621346413,124.61837582119891,31.22939912984649,24,3,1
2.279127620840778,3.0181366176393953,1.324245008305378,0,0,0
0.4424358599949542,20.923946929780385,47.291541907565836,18,5,1
1.9171182821703097,2.9717860808632692,1.5501237494128566,0,0,0
1.8789040682137905,1.3965534125009187,0.7432768938861408,0,0,0
1.1887432841046712,110.75497716400369,93.1690188746108,8,3,1
1.2925307774805077,148.28738759843924,114.72550048864937,11,2,1
0.37608322589380305,72.95820578531384,193.98968330770984,23,1,1
0.2555408954104094,2.3241414708969277,9.094632469060242,0,0,0
1.6613454399321772,3.1756204823836067,1.9114636194366976,0,0,0
1.6825323163350232,103.94547957062369,61.778820396649294,21,8,1
1.1167039205391314,1.9287448292493627,1.727161087342939,0,0,0
0.983379930602775,0.40278355341979,0.40958681890600745,0,0,0
2.2884364481577166,87.27642897657826,38.13785070078392,24,4,1
2.185233125034312,1.0210773184318427,0.46726028181226287,0,0,0
2.1143267390345275,2.3598412911330313,1.1161142156620751,0,0,0
1.308513724259522,28.289069115133756,21.619072387198944,6,1,1
0.5856994885513023,0.4241603050366408,0.7241820618029627,0,0,0
1.653404138107978,2.6919648799424714,1.6281249917355367,0,0,0
3.8355305519889313,63.186535222998224,16.473958329089402,10,6,1
4.652294474331402,56.54276556419008,12.153711322240152,13,2,1
1.3375055282671264,75.4766509387011,56.43048573536039,16,5,1
4.797279959245868,25.491176482882942,5.313661817283637,11,4,1
4.694445216311493,123.99507687198607,26.413091862320705,24,6,1
1.8751756894491725,76.27018951748207,40.673406344033104,3,3,1
1.2202343449220812,1.1957668953882339,0.9799405343399397,0,0,0
0.14811819383453387,2.1513279161962657,14.523419617195898,0,0,0
4.060737565266428,136.39879144251125,33.58957661126174,17,1,1
2.715144682784063,0.7307655017425471,0.2691432301725202,0,0,0
1.8267029246983144,2.848445868657435,1.559328688238116,0,0,0
2.933320167872936,0.4158686127061041,0.14177354368794615,0,0,0
2.0045925840762155,3.102465728269666,1.5476712206770802,0,0,0
1.1117179729746864,2.98154034716826,2.681897388252682,0,0,0
2.9127517536623495,2.710568661720697,0.930583717776634,0,0,0
2.9747460896595803,144.32721268860024,48.51732657688802,5,9,1
1.7733017880378505,131.10992506362203,73.93506655064515,6,4,1
1.7833560428817183,0.5315097741716561,0.2980373974783081,0,0,0
1.2035013586226941,0.605409544487932,0.5030360038984314,0,0,0
2.958242128463121,2.2287036963448017,0.7533853098257259,0,0,0
1.9969849373808337,2.856296564214031,1.4302973486553838,0,0,0
1.8210380098436991,0.1503546739493065,0.08256491489327152,0,0,0
0.46778966539621447,1.3144015967430625,2.8097531784889105,0,0,0
2.69288769066949,0.8128592782623671,0.3018530117496887,0,0,0
2.3728409281181855,1.8551601427977198,0.781827514242108,0,0,0
2.902610419012581,1.8288973613751363,0.6300849223672498,0,0,0
1.2307286005835034,84.74967507892303,68.86082474275406,20,6,1
2.241783554851194,0.2977631243861534,0.13282361515483895,0,0,0
1.1191501515589732,67.14191336537709,59.993123657815566,16,5,1
2.3747758723171124,1.955545278975056,0.8234617283902749,0,0,0
0.8479181984303255,0.629751520909204,0.7426943956752383,0,0,0
2.062982992488786,27.918165667830156,13.532845612892652,17,1,1
2.184282528460387,0.44287115650679865,0.2027526765469272,0,0,0
2.771791785417629,1.9078914932590025,0.6883217635894333,0,0,0
2.41647138374363,3.193595742653346,1.3215892181655484,0,0,0
0.9866574765971442,1.3483815350831367,1.366601785368953,0,0,0
2.943647858476098,0.7655572511364018,0.2600700515965273,0,0,0
2.176544922402219,2.2893631039213127,1.0518287778351072,0,0,0
0.5095482757821335,1.8697199922023764,3.6692957038770446,0,0,0
0.6343822932601604,82.16645766370613,129.5199493068403,15,4,1
3.454988007375903,70.94802468304994,20.534895977244133,18,4,1
1.7362722890493965,118.02525779565076,67.97584617433887,20,1,1
0.7318850009175575,2.1516872138533945,2.939885108049489,0,0,0
2.024155130413362,0.11569090992327793,0.05715487742823249,0,0,0
0.83639446486966,68.335303927406,81.7012663102593,19,8,1
1.0372885028601901,1.708250927404435,1.6468267549738067,0,0,0
2.0631282706908283,2.6975159620405913,1.3074819077139923,0,0,0
3.534987193274167,25.7481939292041,7.283794730641848,10,1,1
2.3397233360333543,1.7125068534471797,0.7319239449528306,0,0,0
0.3813656316592624,101.85491288441767,267.0724200213696,5,6,1
1.0609214343353195,2.1945549968419265,2.068517272482203,0,0,0
1.4361274407008542,3.1654056780413558,2.2041105456428984,0,0,0
2.1068326422452985,1.5195798827454867,0.7212593158481186,0,0,0
2.2931359951250596,1.5079693544837889,0.6575984946835232,0,0,0
1.0531271815727563,2.1848072138388193,2.074570390322774,0,0,0
4.242396944294639,46.05006109403398,10.854701517015942,13,8,1
2.800096755361896,102.26423444988296,36.52154842098724,10,4,1
1.670739222516514,2.0637824814610566,1.2352437179964977,0,0,0
2.1202873892429874,2.9597480816496167,1.3959117700495491,0,0,0
2.33829287880006,132.94581816926825,56.85568767613701,4,3,1
4.518082854863532,120.56089827140819,26.684024021690835,15,5,1
1.0563116092571891,84.26437208656414,79.77151214942889,21,2,1
0.8013716436113099,0.38861858019828754,0.4849357148324916,0,0,0
3.6340937757273943,24.33851571823132,6.697253909145667,11,6,1
2.5653849305866068,0.996366036807868,0.38838699840263485,1,0,0
1.3485538806478072,0.46933608318774933,0.34802658585390495,0,0,0
0.6391181980623062,84.37323769506153,132.01301077133246,16,4,1
1.892832383617157,0.4134802959806497,0.21844412379994527,0,0,0
3.707393044941854,20.715217696836433,5.587527831671543,11,9,1
2.7758187406486594,144.32757723722844,51.994409858117464,16,8,1
0.7691524785965622,132.56240387352227,172.34642557629667,11,8,1
2.478195755961383,0.22889477552444068,0.09236310381970053,0,0,0
1.2862605735259258,17.339006187019102,13.480061305833503,24,6,1
4.117893688941441,148.41538554433023,36.04149022302226,16,9,1
1.9455639735318804,0.25851968247051227,0.1328757919192406,0,0,0
1.667370251890345,85.80757751956182,51.46251277852182,8,6,1
2.5944849139725163,44.03650588598754,16.9730553907935,6,7,1
1.527864441233622,0.6961788956314866,0.4556519023051295,0,0,0
0.7557634606240485,1.0430160308724707,1.3800643780363016,0,0,0
3.6038105191324994,17.842800780103204,4.951079190924377,18,9,1
1.0712262825055499,0.5317434252565005,0.496382949252604,0,0,0
0.8249334073777601,25.972679153519845,31.484195062639458,4,5,1
1.7022528054828785,1.7125266661633287,1.0060295394150602,0,0,0
2.872164603970426,1.0732968238697937,0.37368787482003835,0,0,0
0.964391983393012,1.0932439870346662,1.1335978210956754,0,0,0
1.6578744878327638,139.3443806504435,84.04951109265679,17,9,1
1.4791865600616572,117.9422401272927,79.73398756577458,3,4,1
2.2213397457251034,2.6558617045741024,1.1956071796821728,0,0,0
1.152345747170739,113.90367589740501,98.84419475241134,23,8,1
1.1509423074382361,1.8998238858619347,1.6506538746948778,0,0,0
1.7414534321746808,2.8219038898178166,1.6204209848345297,0,0,0
1.9798770595427535,0.29048349940544127,0.14671720692620072,0,0,0
2.9318795381804876,66.61922071875597,22.72228194521252,22,4,1
1.8285453357067558,3.186776801359102,1.742783901110315,0,0,0
2.9643949302344916,1.4260967145811734,0.48107352002965587,0,0,0
0.7671466397333808,56.94024829811279,74.2224538627495,5,6,1
2.6993738737112474,0.14030596288328173,0.05197703233307907,0,0,0
2.6834810514511256,0.8487642092752135,0.3162910525884688,0,0,0
0.14464518590479458,1.9070707760932157,13.183563134393,0,0,0
0.7573035664582652,1.2004885480790057,1.5851935066914762,0,0,0
3.4060963738307133,123.8579629071346,36.36350404636261,22,2,1
1.020128957055031,57.001291902552396,55.876007389332045,5,5,1
1.07386745746045,2.0067162374455636,1.8686640859294403,0,0,0
2.037964775262971,48.90638418336857,23.997541469598374,6,1,1
1.9160389327311047,0.5068591208154015,0.2645334950255852,0,0,0
1.4828460581216696,2.2319383315347383,1.505161825593463,0,0,0
1.0606219292482326,45.478015108128794,42.87822556913145,9,3,1
3.4633897949464396,101.7957131017026,29.39184591112931,22,7,1
2.0513278389344314,0.3515624534623414,0.17138203507471042,1,0,0
2.115364046094838,1.8589119268838277,0.8787627560787835,0,0,0
1.8956009325609264,0.6785838133728159,0.3579763134495457,0,0,0
1.333119162960777,0.16965485579236395,0.1272606289817962,0,0,0
2.26112275380342,0.8198965417941637,0.36260433643934753,0,0,0
2.7336033802941153,121.37067668909853,44.399357116125906,21,9,1
2.7965233280236492,52.07750603724592,18.62216534857099,16,1,1
3.48477752218528,63.58839488907407,18.24742383409314,7,5,1
2.2239630422692995,1.6962933847311044,0.7627310909309579,0,0,0
3.3650008996135656,57.76086973975372,17.165136001903267,11,6,1
1.408896139259403,119.93578999942896,85.12688436610381,12,5,1
0.4018150211645345,95.76209758000603,238.31790589465186,8,7,1
0.23238136195691284,0.5340747024152849,2.298169337784192,0,0,0
2.129369238153054,129.17555857397804,60.66348176007399,16,1,1
1.8993739766507147,2.4009848803171705,1.2640860983522433,0,0,0
1.6847814469735918,0.3831950524430231,0.2274436121642001,0,0,0
4.699909627515702,108.41019404098992,23.066393179641185,24,8,1
1.9710010921874046,0.6405359299154735,0.32497834865282993,0,0,0
2.6869350100136287,2.056529740591515,0.765378425284961,0,0,0
2.9852326856746623,0.6390752725804106,0.2140781637778237,0,0,0
2.737204166899723,124.43151951512175,45.45918292394994,16,3,1
2.457666841823042,57.84280128603464,23.535560209424574,7,6,1
1.203161592014188,3.1280810183830443,2.5998627620075636,0,0,0
2.5525723334085537,18.89581830037681,7.402628331735162,15,4,1
2.988649215831644,113.5350308899857,37.98861719949984,20,7,1
1.6466806196785242,99.50782837892373,60.428976268991065,14,7,1
4.669378169328083,144.73782632830378,30.99717159499535,5,6,1
2.326517391371579,0.45329425006964763,0.19483727195767633,0,0,0
2.471228727828591,100.10369372210162,40.50749633972431,17,6,1
0.37388458619219234,2.2173209975907064,5.930337264768367,0,0,0
1.0510940169086953,131.46099949480504,125.06944829440648,3,1,1
3.069847694540475,120.32261550039154,39.19485118622169,24,3,1
4.28245592948992,133.50938698723616,31.175820003111692,13,9,1
1.1477543220374322,147.85604931654203,128.82091425709953,11,3,1
1.1168181005066242,0.20292963725323637,0.1817017651697534,0,0,0
1.7988443432242085,0.4393953348138814,0.2442639875034703,1,0,0
0.6752932298967598,117.34031363442992,173.7594438166228,8,1,1
0.26717798837717216,1.1615887343876115,4.347458661756423,0,0,0
4.572875359900256,149.0771047560196,32.600227869974695,21,8,1
3.4568819335251892,41.78536366113097,12.087552768396801,21,4,1
0.3476687874718928,3.114630309086497,8.958355877084653,0,0,0
0.4737226156729911,1.13886844820334,2.4040321703107725,0,0,0
0.44682331322107494,2.3110588403912846,5.172082680522673,0,0,0
0.5270991343010637,3.1165380735281247,5.912510087044105,0,0,0
2.1021450030251594,0.2218676335074067,0.10554294673234013,0,0,0
2.6116773374739055,3.0348745596625264,1.1620359436278995,0,0,0
1.7705601057868599,99.84688306202338,56.39250472810303,4,9,1
2.7310358390182112,136.6171657442132,50.02375419422691,9,2,1
1.5959995178657516,0.9295372978567116,0.5824133800277873,0,0,0
0.27327123030094286,44.7174479666661,163.63161098704924,20,4,1
0.20758122117397698,132.6534738212357,639.0129268041743,15,6,1
0.5049886387933075,0.19291812860530166,0.38201712595954496,0,0,0
0.6387531686262526,0.3633954986573459,0.5689049032662254,0,0,0
2.80985581238498,2.2361717266195122,0.7958286537254521,0,0,0
1.544767577714103,1.821627007906657,1.179216370166522,0,0,0
1.250212887568268,85.46122014871789,68.3567874164768,4,7,1
1.9603629956431299,0.9054672276149284,0.4618851767634537,0,0,0
0.52651309469421,2.972421638000633,5.645377511364308,0,0,0
4.194742119493895,53.42238571562391,12.73552863049019,15,2,1
0.1976615712359457,2.825475895063868,14.293789832283519,0,0,0
1.3526405540621358,1.00281033461393,0.7413668900680941,0,0,0
2.2216096130904623,0.3530529442948277,0.1589169190866572,0,0,0
0.6275915784362862,2.771535425141904,4.416074656866512,0,0,0
2.4330344630522847,2.495709677200046,1.0257558853113382,0,0,0
4.631755595375095,24.84379661014573,5.363785385631934,24,8,1
4.339540891006828,130.32613850876663,30.032171941767324,23,4,1
3.813406021738105,64.37164071917135,16.880308980773517,20,1,1
0.606865726137308,2.811705313935355,4.633082512348164,0,0,0
0.877405367836745,15.106583997584536,17.21714087915921,4,6,1
1.3234773200839958,21.720435205610908,16.411517417660193,22,7,1
1.1938851691271521,2.5857045222036987,2.1657718274327955,0,0,0
4.705175550012958,40.08732750132124,8.519818628876568,22,2,1
2.2494377565498525,84.21233371574228,37.43689244194987,24,7,1
1.5285924725793218,1.1191299918912756,0.7321262473184976,0,0,0
2.6143913387551008,1.8938937665744198,0.7244081994986412,0,0,0
0.7773453470989719,0.31137852127293436,0.40056136802168296,0,0,0
2.018884436359584,1.6003670413572162,0.7926947603278133,0,0,0
1.9489166669301181,2.8503595019866124,1.4625278366560606,0,0,0
0.44961940757070173,2.8976052525861093,6.444430021251394,0,0,0
3.723918067059924,141.61797871228634,38.029192874312166,21,1,1
0.6108778535492879,39.76681444244678,65.0967509198287,14,3,1
0.5076060204995179,39.232535166737335,77.28781910415414,4,6,1
2.4134805338273595,57.00754024414383,23.620370349553507,7,1,1
4.2949346679537745,44.666290522528726,10.399735963026721,6,4,1
1.9680327422801562,0.2493766384192183,0.12671301952024316,0,0,0
4.421203089269101,20.297882765473766,4.591021141853477,18,9,1
4.182539285201907,62.22345285906322,14.87692041770154,19,3,1
1.8172251827683787,94.0406016725298,51.74927415243425,6,6,1
0.6544897986940295,113.83327992606338,173.92408699468376,22,9,1
0.8132774123150736,0.5981122571046226,0.735425444987595,0,0,0
0.14064210082556525,1.8572611432116937,13.20464559228335,0,0,0
0.685205349932125,2.9173621429222734,4.2575843393048,0,0,0
0.7936223022261842,0.5409730429303081,0.68164191580011,0,0,0
1.1681598206289219,73.015626445215,62.504291033562815,4,4,1
4.409210872980066,106.26756067678917,24.10121056261942,13,4,1
0.281050849105563,1.6071383277251374,5.718115250984373,0,0,0
2.010117929325324,2.987820234359391,1.4863831255566993,0,0,0
2.5074725910510716,140.76127230106897,56.136490360264276,21,2,1
2.966420882494095,3.1295677909559867,1.0549943399742152,0,0,0
2.8273298946234515,3.057178588708021,1.0812914975386005,0,0,0
2.554711646030103,0.4952148532291455,0.1938429785486345,0,0,0
0.6177795199575674,2.1235129343408117,3.4372757480357783,0,0,0
1.7139986780416807,107.15090277047624,62.51479595360052,12,9,1
2.752191125160821,1.4454650153971524,0.5252032644644343,0,0,0
2.8619215819563015,1.119350115330689,0.3911170072645644,0,0,0
2.519541907673256,1.8897955437809701,0.7500522366797157,0,0,0
0.969795252671892,1.570356861092134,1.6192496965402834,0,0,0
2.0724129861450256,41.263975909488025,19.910981583081334,10,6,1
2.53542662834329,1.2898821509924365,0.5087416252384402,0,0,0
4.2412672375004155,93.76197204970524,22.10701324136113,21,8,1
3.0934761548804453,148.10886224303903,47.87765479712096,10,7,1
1.2948818139314486,139.50014795090613,107.73112197486734,17,2,1
0.718992091890061,72.76238450515382,101.19912768804511,22,6,1
3.9063320230758305,140.28118013956478,35.91113612450868,11,7,1
2.5784440511870637,29.393601828732173,11.399699682528762,17,2,1
2.7516835952858885,40.21540896692004,14.614784522454013,24,7,1
0.21126787456377516,48.047982855232995,227.416065001778,15,4,1
1.8045311465003748,0.671876384714282,0.3723253337931812,0,0,0
0.3830691105160756,0.6172305924372906,1.611235317962839,0,0,0
0.12132382920783824,2.2443323538175353,18.497169078650902,0,0,0
1.092481476197046,45.289838719295616,41.455553389715384,15,7,1
3.131512542294176,50.68046662445692,16.18396991877569,6,5,1
0.19028884036508295,2.120167158665244,11.14125106909618,0,0,0
2.1570304025705678,0.6186960424032871,0.286826357849385,0,0,0
2.4692243310883266,2.742897005862509,1.1108289607546336,0,0,0
2.733253781722821,1.3285691390444838,0.4860742486431605,0,0,0
0.34230757878100027,0.15929979595558974,0.465356750076521,0,0,0
0.1438209842219776,3.091547645308863,21.49430918540895,0,0,0
3.449993465365319,79.25752819714475,22.973173503393053,24,2,1
1.988327996156855,2.024878559183137,1.018377440403447,0,0,0
0.1329255698255153,1.5528479901817915,11.681207612228869,0,0,0
1.7736554995111302,1.207075593831559,0.6805542500343279,0,0,0
4.047773532713761,100.10637848148284,24.731159083096614,16,4,1
0.5534502107701377,2.4305743071194925,4.391597191309125,0,0,0
1.5972710100734664,1.1011650661178627,0.6893997106164901,0,0,0
3.0208114470716496,57.92180951042108,19.174191697615836,10,5,1
1.7252778298432758,0.44406735456179136,0.25738740335410015,0,0,0
2.8985780409328865,0.4853213928051887,0.16743372495561393,0,0,0
2.7833329840851344,121.9428333907752,43.811644518132205,6,6,1
0.5323046035790322,43.40218485670674,81.53483779120643,9,7,1
2.505740911142269,0.5144565286382522,0.20531032288589793,0,0,0
1.339933003338559,147.15414007618648,109.82119366983666,24,4,1
2.4287923750167337,49.20874452051531,20.260497530259652,15,9,1
2.7277219061842417,1.096636673868434,0.4020324253208933,0,0,0
2.359397500547782,1.9900620179731094,0.8434583756774013,0,0,0
0.3081498380568878,2.2161133857925477,7.191441298017046,0,0,0
2.2915249128478767,45.27691146265721,19.75833368665019,22,6,1
2.2782706392305903,24.588316632659094,10.792488075991788,24,8,1
3.0252132672764205,70.04479418586531,23.153594957282596,23,3,1
1.6690805740406949,105.1238429428057,62.982707216608254,4,6,1
1.9307919039667674,1.9342612031496091,1.001791638580703,0,0,0
2.760209368840504,0.5241377558487804,0.1898898912766332,1,0,0
2.718395486056763,2.7420180106126626,1.0086861671950755,0,0,0
1.182049348600524,39.503574818901896,33.419282090760824,13,8,1
2.420572505281902,120.98470131107422,49.98164741217292,13,7,1
0.34912702517339034,142.83189142716978,409.09981219045966,17,1,1
3.7682199918829555,125.10372393176392,33.19959880401317,9,5,1
0.6283988078556032,25.62229368715621,40.77328860903513,7,6,1
1.9198371848939955,26.58870747877861,13.849387434576833,20,3,1
3.6376346093908674,71.26112318424717,19.58990798614052,21,1,1
1.9842895261590108,17.391369832267518,8.764488225188373,18,8,1
3.905752572667303,126.80872231469021,32.46708420068931,23,4,1
1.1428731635491536,103.39952550409829,90.47252492809274,5,7,1
2.371275398566015,2.5191659830700392,1.0623630477349761,0,0,0
2.8433146145350143,125.2671048925369,44.0565612002844,21,9,1
1.3276719180442729,0.3621526721014373,0.27277065928178207,0,0,0
2.946962309801606,74.65025059229363,25.33116797331536,4,5,1
3.0598761554718545,57.46372317645328,18.77969318358251,16,4,1
0.9667974091229321,37.14858441582025,38.42397572182519,4,9,1
2.8118048094228842,114.968785364473,40.8877515614444,18,3,1
2.7662367223218105,1.6405867970080739,0.5930732005101376,1,0,0
1.0145851479451757,111.99212407362751,110.38109565223257,16,2,1
2.2469158174036736,86.11096007805624,38.32389988627109,10,3,1
1.220967469786781,1.6849539328223286,1.3800041151591207,0,0,0
4.942281540691377,16.09143133155147,3.255864450541993,8,8,1
3.3332468286854016,118.86842987350829,35.66134743970168,8,4,1
3.5972153965059115,63.59897653517281,17.680008763684455,22,9,1
1.717297204437813,0.26929193996175405,0.156810580696254,1,0,0
0.9363757696743625,3.0795200047635385,3.2887300346677337,0,0,0
1.8624811545328954,1.0154345804726816,0.5452023640495346,0,0,0
3.7501840863343756,82.39779251584459,21.971607500555855,20,1,1
2.002393385699457,82.19713608693101,41.04923946591253,12,8,1
0.6973421040431889,0.10292458732965637,0.14759342767148514,0,0,0
3.465141218450159,128.73169312598583,37.15038248274862,21,6,1
0.8699395815443097,1.9955371947995488,2.293853847549565,0,0,0
0.37402349811933144,147.84245027650866,395.2652663995915,21,2,1
1.8052013439459225,1.1946189557090074,0.6617612722828058,0,0,0
1.1191683676678512,37.58568629907526,33.583285189291566,19,8,1
0.8128739023654664,2.9360106645401296,3.6118450076283115,0,0,0
2.338836181298972,0.18421900579923545,0.07876490864265474,0,0,0
0.8546861341571651,0.5944260138782107,0.6954822774112434,0,0,0
2.1822411165683047,1.253335060217843,0.574331272282162,0,0,0
2.660682092006342,0.7281611658195638,0.27367359342601755,0,0,0
2.8732464563887476,1.2676969653313337,0.4412056440393903,0,0,0
1.29598801564789,18.349259555746382,14.158400965277169,18,6,1
1.1637151298741784,0.4084334735061904,0.3509707430227532,0,0,0
0.6855862952841976,16.529900082605817,24.110252923338425,17,9,1
0.28953338831693287,1.0774000472748921,3.721031426542453,0,0,0
2.0708989649318124,0.3363415757180499,0.1624125354680303,0,0,0
3.033435544426878,100.05096328528063,32.98261393519879,16,6,1
2.4849055124375274,0.2766340536918417,0.11132533573364155,0,0,0
0.7110443952148892,3.0680888590180984,4.314844095845698,0,0,0
2.330935809568251,116.93768558524978,50.16748356192354,11,4,1
3.1582146211077657,35.94657015667718,11.381891559083822,3,5,1
2.3156758468953984,79.66102579621864,34.400618677623676,22,7,1
3.362925410886765,51.79529609007907,15.401811144633694,21,7,1
0.43392391734608327,2.838148164421294,6.540507784639783,0,0,0
0.845741818216378,2.330103282281943,2.75506742296569,0,0,0
2.3300635040234803,3.028773762635527,1.2998618959468695,0,0,0
2.9827381517109055,105.04997571192277,35.21919061509302,5,1,1
1.9235397394071256,21.140683098757073,10.990453049201124,9,8,1
1.2179845237370748,1.1552000231889679,0.9484443490308646,0,0,0
1.7890617229760581,0.6784293003068194,0.3792074356741137,0,0,0
2.071121928816701,0.27570933971408973,0.13312012425573036,0,0,0
0.6116050443733009,77.22430434415405,126.2629247834852,22,5,1
4.453155042058521,113.4195552819817,25.469425500913474,10,2,1
2.6499107128553194,2.3486519607280583,0.886310276882722,0,0,0
4.174607771716411,36.26257399023352,8.686441723100321,19,7,1
1.4281881958986213,69.95536521616233,48.9815527123996,4,6,1
0.7118126827978561,2.7090282233825995,3.8057627114868313,0,0,0
0.5362089842002318,1.941805217591619,3.62129144026449,0,0,0
4.816951396870393,88.89986481016541,18.455590046439685,3,9,1
3.3740734700724393,70.26156431912301,20.823896309125555,9,1,1
1.8116689339203527,1.2190190805140833,0.6728670614258383,0,0,0
2.266526974674184,0.7780130556102716,0.34326069431190787,0,0,0
1.2510775009846287,0.5114188375334872,0.4087794315993016,0,0,0
2.724078254066304,121.86263801305381,44.73520189044789,15,1,1
3.544423111689941,28.046478862257644,7.9128249789105025,7,6,1
2.155420400164547,0.125927413818257,0.058423326407868986,0,0,0
4.902724806914526,51.21726276123015,10.446672067393155,20,3,1
2.1435742119362753,0.7257457015811399,0.3385664521785137,0,0,0
1.4314596675313747,1.040186261632777,0.7266561668935807,0,0,0
4.956733613584089,85.67811517070602,17.285161761423943,19,6,1
0.329010570353403,0.8424815267195681,2.5605740267687627,0,0,0
1.2287049940079726,2.851016059648117,2.3203233244092876,0,0,0
0.316054610020017,66.68680409027775,210.9910504882351,12,4,1
1.4248746981163072,130.89348410076548,91.86250948852648,12,4,1
2.4909326361595294,120.74248697311988,48.472608409512596,13,9,1
2.544541899122972,1.4822485215654044,0.5825184866837613,0,0,0
1.5821720822699543,1.4811052249288,0.9361155340628433,1,0,0
2.224459081909726,0.7663151736313459,0.344493515267678,0,0,0
0.8530454329562005,3.106143261673729,3.641197443534964,0,0,0
2.0250331301032345,1.5713557148244233,0.7759616037137527,0,0,0
2.485193634539647,0.5108264854997301,0.2055471344079031,0,0,0
3.90235108744088,128.59436759409306,32.9529648109585,5,8,1
3.3673753607793873,73.26388443086374,21.756905308249806,15,1,1
2.6426492248363798,23.42997712147976,8.86606070933358,22,1,1
3.471269770123222,62.175431505789824,17.911385893158,11,6,1
4.946603418260208,143.12436814213189,28.93380906092126,22,3,1
2.333503894293397,49.59947067484437,21.255271201144232,8,1,1
2.644284124804845,0.8996190459169824,0.3402114150154822,0,0,0
3.690101355480833,29.485663400040792,7.990453555350423,8,2,1
0.554605243089754,2.2186311869875386,4.000306905788551,0,0,0
0.27508781747568384,141.0709374310748,512.8028231032556,8,8,1
0.8206185054619506,2.406233506975299,2.932183675024517,0,0,0
1.6204974448233977,48.049209790638,29.650718325378865,24,1,1
2.5794246567282757,2.8359356179942767,1.0994407672227462,0,0,0
0.8248751445531015,1.6965175451001417,2.056671230295055,0,0,0
2.365833381667185,1.8927250382031182,0.8000212748103954,0,0,0
1.4309274981307791,2.371473771837112,1.6572867612561324,0,0,0
1.9201401711575767,39.731763092095704,20.692008202745473,7,9,1
0.3440058984856416,0.6010490136933027,1.7471547574955724,0,0,0
0.8094996583536678,1.4060327330634306,1.7368943267742298,0,0,0
3.6385015177956177,45.27488172541628,12.44324265677904,20,5,1
0.7879576960343839,0.4155256651232516,0.5273384520894365,0,0,0
1.7409701834909486,2.941943609668115,1.6898202734100276,0,0,0
3.638974311482192,48.69933509542876,13.38267245114697,4,1,1
3.746134538809269,144.58875310168227,38.59668296398423,5,1,1
3.800294355892867,28.39590097116134,7.472007058363575,11,2,1
2.644381908591071,2.396382715038034,0.9062131476248633,0,0,0
0.9974616923569426,3.1222032457117286,3.1301171448126235,0,0,0
1.6300051224892804,0.9026032518587328,0.5537391889225669,0,0,0
2.7609028687087225,28.670799433300303,10.384536128700656,4,4,1
2.058822531475634,1.3276029957954072,0.6448329213274427,0,0,0
3.4175342431114055,101.72758735615794,29.766282488136266,11,7,1
1.4588152843142905,0.5586708357391581,0.3829593863954428,1,0,0
3.1429854739594876,86.68542251529993,27.580511404967197,13,5,1
1.0844055583741377,2.6259578526141882,2.421542030023326,0,0,0
2.4810918416083534,75.66242775848875,30.495494578102935,6,2,1
0.7056026923758287,145.3405636960711,205.97781937099668,9,4,1
3.6045056560151028,86.8350030679955,24.090616147855528,4,8,1
0.25302629702133256,23.060972158312737,91.1370124752045,6,4,1
3.415776756124247,15.054208443420883,4.407244807197003,24,5,1
2.4199725152597034,52.72472700184572,21.78723468842398,5,5,1
4.526656912691154,27.133567813586133,5.994160457778177,14,3,1
0.35458588746866393,0.6326713271087412,1.7842037921679255,0,0,0
2.748123364584684,21.977566788002797,7.997270827984067,18,4,1
2.9505342091122646,18.20985481075464,6.171693599613431,9,1,1
2.6216476482634414,0.6600383780650398,0.25176375660729094,0,0,0
1.7981348135005755,1.7782607048130588,0.9889418757943044,0,0,0
1.826616550228127,0.3079370799041252,0.1685823957095483,0,0,0
0.3302790954647856,2.3676391200551232,7.168384159711241,0,0,0
1.0671475979043181,1.3343229501319245,1.2503522935621365,0,0,0
3.661389229350878,62.61330122291418,17.100921615153876,11,2,1
1.6805780648011213,3.1524761925259757,1.8758173157079012,0,0,0
0.8332284620018388,0.3085823000566951,0.3703409217516584,0,0,0
2.348503836169093,0.9413690793848145,0.4008360797739136,0,0,0
2.8905064874964315,147.47931930368978,51.02178795438262,16,5,1
1.4486053692406389,0.8036334723617151,0.5547597308614626,0,0,0
4.468730047655934,85.11868751326813,19.04758088533633,12,6,1
1.4982517069592423,21.2958465623147,14.213702761939452,4,2,1
0.9458214782569794,2.254443846992282,2.383557640888493,0,0,0
3.9148934183536266,124.86693276503384,31.895277972794887,21,4,1
0.20124350270304905,1.8085958819407535,8.986655425368419,0,0,0
0.8060986600712678,2.9738070888685506,3.6890896180244948,0,0,0
2.9040769393902264,117.98251241584211,40.62637065563023,19,1,1
2.7636881124121544,44.46638018520712,16.089449128145507,4,2,1
2.1144587807918107,0.7780184002935746,0.36794981669212823,0,0,0
2.6590417323942392,33.25756081827768,12.507301160452494,12,7,1
1.6053371768950324,1.585463820652166,0.9876142951948104,0,0,0
2.3676839337580815,2.4304156764271054,1.0264906463520265,0,0,0
1.2824695045079237,0.59977831712288,0.46767087896114934,0,0,0
2.495596127732332,2.5242870717781964,1.0114925763834077,0,0,0
2.6461255292907016,2.790975739333096,1.0547365047780524,0,0,0
0.6513734223242464,2.6458754791350834,4.061932478561016,0,0,0
2.0179747721042016,0.6741062603891506,0.33404923055303515,0,0,0
0.6281419554972278,2.5480653721416853,4.056447408692228,0,0,0
1.7554764152084086,2.9197457124439277,1.6632117954027574,0,0,0
1.3518126840660702,0.4954989386662477,0.3665413700381656,0,0,0
4.481882529006532,113.93845613932628,25.421951865629,5,7,1
1.8258818572264766,0.13076384549629047,0.07161642403889149,0,0,0
0.9474328683395035,2.9233875010961374,3.085555444857263,0,0,0
0.6653666846082306,62.41429765119589,93.80295266574456,8,7,1
3.7325770904728546,55.666224797177605,14.913576950223458,20,9,1
2.762095723673716,105.0429562983887,38.0300273802254,10,3,1
0.7032115865887583,51.17227126442446,72.76834534140922,10,7,1
1.413361745204984,3.031716836167176,2.145024369174353,0,0,0
0.917045824501894,78.33741655659881,85.4227348691105,8,7,1
2.4656616038157506,1.9516683728252069,0.7915362166660402,0,0,0
3.6203741275868517,100.71845462773254,27.819825487652302,8,3,1
4.078235308451635,64.69156108493893,15.862596825863822,18,7,1
4.897176295324995,145.3346997997259,29.677184210546965,12,1,1
1.1421785606867652,42.682437611542824,37.36899412289605,16,8,1
2.33482831136966,21.26854349017966,9.109214709477305,4,1,1
1.1861899058007856,2.5729700163794638,2.1690863435387735,0,0,0
1.6542117286711429,1.6143364612457067,0.9758888021272236,0,0,0
4.017381675428884,33.29176005539405,8.286909205047808,10,5,1
0.8805685558757246,0.7157580029717943,0.812826974034113,0,0,0
2.895650480641337,1.2910408102559807,0.44585365545688505,0,0,0
1.5474067638300513,149.90769620561122,96.87609680185369,8,5,1
2.4794717622731164,2.4561081955898394,0.9905732048370266,0,0,0
4.223164166725216,85.90229703115762,20.34069485175152,14,2,1
0.47906009254657844,2.8484730672454472,5.945837804451338,0,0,0
4.212264359005964,28.67227671718586,6.8068397909276035,22,5,1
4.726634291060576,39.250566560239,8.304108399794956,15,4,1
0.47982385468310484,1.978590598540179,4.123491035968884,0,0,0
1.1861663446573514,3.0472143498707402,2.568938727867637,0,0,0
4.952920588408024,27.239381948760673,5.499649442395271,24,7,1
2.0756016690036474,115.00926423892047,55.40981772092666,11,8,1
4.261118816362026,98.40506276745003,23.093660625698753,16,3,1
2.3362561659704713,2.1294171292844593,0.9114616991424485,0,0,0
4.354061144396893,55.02771208823177,12.638220705016517,15,7,1
0.3939814029041615,0.961343605878108,2.4400116317054636,0,0,0
0.973995835076012,2.4175890785463787,2.482109440707518,0,0,0
1.7870362775214415,1.3445315151760342,0.7523764393168616,0,0,0
4.3921333656389026,23.067907014081896,5.252084254477957,21,8,1
4.060549249098432,87.49622656714497,21.54782659225372,4,2,1
4.655440619108453,86.38870445116346,18.556464565766877,15,5,1
4.69764655765829,45.35320758692656,9.654432381394532,13,6,1
2.7478202539805823,1.8735811875388395,0.681840220961509,0,0,0
4.42246738231901,62.961074437740024,14.236607447549046,16,6,1
0.35694124607088995,0.7838970534047549,2.196089975965721,0,0,0
1.6745272890190506,0.5010799125967728,0.29923484886401486,0,0,0
0.8824706066592878,22.131495677661334,25.07873318762456,21,1,1
1.2825562997778719,2.8477791220764392,2.220375759576442,0,0,0
4.782319020745929,59.96489496714711,12.538847642438878,18,4,1
1.4592101634054138,1.3859404572467622,0.9497815970500043,0,0,0
1.5452665409444912,1.3986688934640987,0.9051253004910149,0,0,0
2.4393286537777676,2.7598721401224107,1.1314017985359424,1,0,0
3.193404547026868,80.02947813166602,25.060785862009382,19,1,1
4.814635856689833,96.36044472750818,20.01402545394231,20,4,1
3.2280849854965363,62.19400143089293,19.26647193168835,14,8,1
2.1819737100282235,87.56165674588665,40.129381508881224,3,7,1
4.058928947725049,122.9988757949972,30.30320913398698,7,1,1
2.6457072266409183,2.8267037503497408,1.0684073573269235,0,0,0
2.500525185410664,113.37594248712011,45.34067072865457,6,9,1
2.770458758665492,2.011615975014288,0.7260922790492913,0,0,0
0.6825457217208124,81.9896297311398,120.12151846655568,23,2,1
1.6576089712737887,1.9192074658647253,1.1578097856770548,0,0,0
3.3105519551881364,60.73123706895848,18.34469129139351,24,6,1
1.3148785118994641,1.7035437262383628,1.2955803559173653,0,0,0
3.347731048564065,101.61869982644521,30.354408645206345,12,1,1
1.5396086535261606,93.21626319197308,60.54503365393863,24,9,1
0.9505949712636376,2.496739809147882,2.626474597359795,0,0,0
1.1205125998096206,21.758711157594735,19.41835993427673,15,8,1
2.9748509145362396,1.7878952316808152,0.6010012847809175,1,0,0
4.32407455717332,69.47557347847598,16.067117226748355,12,8,1
0.7166686914761787,0.2028869991435213,0.2830933883713284,0,0,0
2.103722236804855,64.95047797762923,30.873928174564604,19,9,1
2.1740115126985717,140.54219163091557,64.64618257455199,8,3,1
3.3653391618350637,138.45178286892707,41.140391742719444,16,6,1
1.7529181459377818,39.81474008004502,22.713275596784328,24,5,1
1.176012412655348,3.1617136475817795,2.688480775160507,0,0,0
1.933949143749975,0.49781017278517004,0.2574046997807352,0,0,0
1.1807966993357106,0.9052367296570113,0.766625672234306,0,0,0
0.5129588801895222,56.503391893958025,110.14974606857673,15,6,1
0.29938632862521364,1.8041234910062645,6.025870455027117,0,0,0
4.2692398310277255,65.84637999262142,15.423407530303843,10,2,1
2.1487796068120133,0.1979170489594903,0.09210629478663755,0,0,0
0.7404730705927258,0.22068288630956912,0.29802556611175685,0,0,0
1.6572258263908994,1.93811379800928,1.1694858191848723,0,0,0
1.6609653604618444,107.13655955451509,64.50219678437921,22,9,1
0.8441716463664812,102.04215808966254,120.8770156622943,24,3,1
1.2230957931320399,2.1450398460844706,1.7537647668167848,0,0,0
2.7537611983804253,1.752389488463034,0.6363598724155682,0,0,0
0.7194879044746334,140.99690134702573,195.9656872801868,16,8,1
1.7259142738068958,1.9708117664490101,1.1418877388530857,0,0,0
1.221450465427536,0.2585656374232327,0.21168563759673503,0,0,0
2.0051699531747045,3.06550532535872,1.5287931242805681,0,0,0
2.8302752887675897,0.6406687280456485,0.22636189029715062,0,0,0
2.2296604618274336,0.747375900033229,0.33519567704219444,0,0,0
0.5267734281753415,1.0237294300371158,1.9433592161072395,0,0,0
3.0098020293965906,88.92817358825586,29.546088832027245,15,2,1
2.6354912689975336,2.6749305573385533,1.0149608307174207,0,0,0
2.6548217163550065,2.837035931208039,1.0686311730158145,0,0,0
2.758242183939501,1.4360541835912184,0.5206391902643795,0,0,0
4.9366236520635045,56.31082420320733,11.406725346060368,7,4,1
1.3734912348536334,1.2685277312172136,0.9235723267131927,0,0,0
0.5450693820800643,100.66426901631964,184.67818142777142,16,8,1
1.3253904421046394,0.23027649303135642,0.17374107154038224,0,0,0
0.12193233743661215,2.1071716138792693,17.28006579318373,0,0,0
3.4064933720602877,38.8521124138012,11.405276370034253,23,1,1
2.034915777863125,2.5088527855204443,1.2328964588354618,0,0,0
4.549267758290158,32.648079736582076,7.176541304185575,7,6,1
2.4769886718781713,62.40439822516963,25.19355336506976,16,6,1
1.121748457332364,0.23361033773980458,0.20825368974293237,0,0,0
0.895065933023437,0.34620004386585845,0.3867828762822891,0,0,0
0.31193652987834347,2.0292641203134627,6.505166513969105,1,0,0
2.869109313923263,2.3874804417568827,0.8321300651983753,0,0,0
1.0154385953757914,0.48827881639824466,0.4808503538453812,0,0,0
0.8279040114606707,1.8486294893839053,2.2328761970369464,0,0,0
1.5259469197910889,121.97275467343984,79.93197782420916,3,4,1
2.3022270270203284,62.92433054017773,27.331821094727843,12,9,1
4.078772804963002,31.808209339368457,7.798456270008961,3,6,1
2.2463278111553664,60.050068022710036,26.732429879646766,20,5,1
3.9754095483682272,36.51768587610435,9.185869675338695,7,7,1
2.2575096357378333,126.26739306090435,55.93191353112458,23,1,1
1.4060757151487369,2.444106319575263,1.7382342294237185,0,0,0
0.48985693937169494,1.549933909510568,3.16398961623848,0,0,0
2.6014297970911615,106.651613701078,40.9971485099644,21,1,1
2.887486887372557,55.62407487733154,19.263769640959158,12,1,1
2.1945324483398925,2.3321132632928308,1.0626876983204434,0,0,0
0.7205845682251093,0.9781816508269897,1.3574646465020423,0,0,0
2.9030194742035778,3.0285928831846936,1.0432525436261935,0,0,0
1.3379947106875776,1.553977313125439,1.16141393278569,0,0,0
2.8094819310857218,2.9409036880494055,1.046774206933885,0,0,0
2.5465840257502887,3.141696840408759,1.2336857813381301,0,0,0
0.47147766446198003,1.1486292685829451,2.436180954794775,0,0,0
3.551708448946623,43.04903497436332,12.120621494401085,15,7,1
0.7798342400333925,1.1697596110910247,1.4999913457601948,0,0,0
1.1529386595560418,2.102343448127964,1.8234493190160774,0,0,0
3.321203454301712,57.1859240292854,17.21838262313941,14,9,1
2.7997512169702357,2.2375329281978398,0.7991870573231199,0,0,0
3.1655033340285748,118.94643845789112,37.57571866124933,3,5,1
3.5365751165396833,98.19248765963266,27.764774330020245,19,3,1
3.6202016438383855,64.66689491364721,17.862738777637635,10,8,1
1.1857672865119293,114.52573642872662,96.58283872649845,19,8,1
2.4121565607607054,0.5647440247811988,0.23412314637306805,0,0,0
1.6128711992738147,118.04659041931752,73.1898855740069,23,5,1
2.628346230461173,0.19066657740713336,0.0725421368676798,0,0,0
2.3217362051072,2.72235646300097,1.1725469635796273,0,0,0
1.7061542878674978,34.148993678293,20.01506767028583,11,2,1
3.191107363212593,128.47470316142068,40.260099688743935,21,3,1
1.5104575785921524,99.57066471079503,65.92042498760611,3,9,1
4.775202448501603,97.10879177124265,20.336014956091446,5,7,1
4.706048610386043,87.08033946737864,18.503879079448044,12,5,1
2.461713369940336,1.284582832825917,0.5218225770253995,0,0,0
1.912134888860297,1.872412547745621,0.9792210614655055,0,0,0
2.267665720587894,0.2137179289608535,0.09424536631077358,0,0,0
4.802022157831537,74.66515470781385,15.548657787733465,12,2,1
2.2462290435364447,74.71528683677909,33.26239344462131,11,1,1
2.6332493663111225,0.8330722279399531,0.3163654285627725,0,0,0
2.2675887791304126,1.5688104680336346,0.6918377635726405,0,0,0
2.0615552698390176,1.0329955908580273,0.5010734348171724,0,0,0
4.62834754354784,91.74374729117065,19.8220959439631,22,4,1
0.8936730747533612,33.08206461900005,37.01766941052346,20,6,1
1.1170982688625193,121.71933701704245,108.95930180606535,16,8,1
0.2932909176260009,1.7070648680301328,5.820182500100036,0,0,0
0.5712820893626233,3.075211736532105,5.382906211712199,0,0,0
2.7346804250821983,70.51569395527417,25.78562213423285,20,2,1
0.38838003900210094,0.8538337920983077,2.198392611437929,0,0,0
1.0438874403708331,58.5480832579503,56.0860492551373,13,4,1
2.8098644777359914,1.1900303304428668,0.4235172566860401,0,0,0
2.8120645565213773,88.36843244748403,31.42464065988296,14,2,1
0.5045321958909214,1.0056484104591763,1.993189902944393,0,0,0
2.518717976927853,71.16954050517263,28.256144036633785,7,4,1
1.5184999711396003,102.5671639733785,67.54461012620459,12,5,1
1.3249764352538023,31.681475799212784,23.910792560788874,15,6,1
3.62989926124715,99.16058373039571,27.31764807154615,8,1,1
2.7245435691270052,124.18792500765535,45.58101790138314,19,1,1
4.485164206382505,134.45800671076694,29.978324257601887,21,5,1
4.813367686503873,99.69853496763926,20.71280116812397,21,4,1
2.969971724632474,132.84807860521525,44.730268036129004,22,7,1
2.9991812525297785,3.189574194929107,1.0634780933822552,0,0,0
0.7409497301039609,24.76192759432685,33.41872248691924,19,9,1
1.6821711600924125,54.47964361958463,32.386311838489334,10,5,1
1.991645780916625,2.7213735252687115,1.3663874808809815,0,0,0
2.304466696391461,0.5770897045506984,0.25042115003998644,0,0,0
1.8647290908197531,1.1834697534691383,0.6346570194701481,0,0,0
3.241913624276657,45.009292266989874,13.883514074774792,9,4,1
2.2399771540153437,34.005075901651324,15.180924515881573,14,7,1
2.503093427743039,2.52875563615273,1.010248161592276,0,0,0
0.9309696311720247,1.9315831077639334,2.0747855732699905,0,0,0
1.5811671774749407,1.393974109761215,0.8816052556408135,0,0,0
0.4879566204825072,3.055252219505355,6.26119101442694,0,0,0
2.7304216852035634,3.1737516050648984,1.1623625752161177,0,0,0
2.064440076677731,1.8539228200070887,0.8980225973739996,0,0,0
1.568171572536088,2.065722497266627,1.3172725234399405,0,0,0
1.2920718227582961,28.75523721045845,22.25496613602431,16,5,1
2.9493080467381234,47.17552343477959,15.995400525540003,5,8,1
4.0707335323835565,83.88335847342466,20.606397284947146,22,8,1
4.27536566376067,85.41593425380142,19.978579888970174,11,6,1
2.2141207873188633,2.490938074726432,1.1250184898710343,0,0,0
4.2107441844351134,20.894225376256152,4.962109983406496,8,7,1
2.409677628418084,2.3923546230400548,0.9928069492603039,0,0,0
0.5386158033313102,0.7984824828488287,1.4824438003347569,0,0,0
1.9529927637225253,0.3524863599625935,0.18048431190682807,0,0,0
0.25964285021087485,133.7744088221575,515.2048541485824,18,6,1
2.533623145442866,0.5981067126067201,0.23606681720378822,0,0,0
1.1288367463243543,3.0193497060186676,2.6747206526040785,0,0,0
4.006369526684054,93.12458743845272,23.2440753099417,11,3,1
2.0616564784920652,28.64532647018526,13.894258246434164,7,9,1
2.9334872703824515,61.328470722983276,20.906264799417265,13,1,1
2.054132804983013,2.725350395729754,1.3267579980897635,0,0,0
1.2374316009572663,3.0381170637046124,2.4551599536934674,0,0,0
2.585713509330592,19.328574807763115,7.475112763609832,16,6,1
1.873291853325659,112.44305690923056,60.02399277490236,18,5,1
4.641383335007145,132.1754966702877,28.4775469627558,13,7,1
1.4273288549619525,0.7475364444160075,0.5237273838775545,0,0,0
2.4125354626600917,2.141200687441119,0.8875276012748022,0,0,0
2.1066921419179163,92.12820208346886,43.731005086270265,6,2,1
1.2365406325373363,2.26120744562774,1.8286412105809706,0,0,0
2.210043154316744,73.29889846212401,33.16612467847406,4,3,1
1.727703872951539,2.4899982578591393,1.4412098535768263,0,0,0
1.0559912596554384,47.31492790617626,44.80574949466878,4,7,1
3.976270470720996,83.81302016390426,21.07824656259897,21,5,1
3.243345884504161,128.89305463134718,39.74064494345558,15,9,1
2.941913955140667,1.9658329278725986,0.6682133725576204,0,0,0
0.5408720740730795,0.2901838440430713,0.5365011301961989,0,0,0
2.5038548750369642,0.21472366761802714,0.08575689118002312,0,0,0
0.47658533891185495,2.1962068137052717,4.608116434205107,0,0,0
1.2456546797847083,0.25891672344559435,0.20785427061345566,0,0,0
3.24346426885272,117.72034884976742,36.294522198077246,22,7,1
0.20344092179158296,141.47521306228708,695.3775968005474,14,7,1
2.770223164543736,1.9117916202480207,0.6901193894857213,0,0,0
4.9893650615363105,48.0326353966418,9.626984302489332,4,6,1
2.1124538124794547,0.8117542983373028,0.3842689723449157,0,0,0
0.28587466200490885,1.9480422136046807,6.814084393136247,0,0,0
1.7495095890264478,88.64089998768986,50.665851667894565,9,8,1
0.3792940948906637,75.08939960192922,197.9662244974553,21,6,1
2.640060942199465,1.7711931134816272,0.670888454234503,0,0,0
2.964578008623173,0.5229632329258728,0.17640334218606976,0,0,0
0.26348894028768866,2.7806393663906652,10.552753507679226,0,0,0
1.238231313579386,1.587810387623083,1.282310943925136,0,0,0
3.3559723039277216,41.2735993338163,12.298515187494033,19,6,1
0.3264671945308045,114.78183006343374,351.5768696444235,17,9,1
2.53511727551563,60.09614903669455,23.705377484241435,6,8,1
0.2675636268894632,2.254609209461515,8.426126429840233,1,0,0
3.632506945366828,101.33976656093701,27.89794736957607,17,4,1
1.2622128765384455,1.8348850270554755,1.4536933699756054,0,0,0
4.074612782842004,64.54409105606288,15.840507083957378,24,7,1
4.210333547087822,36.95804945563658,8.777917773764436,10,1,1
2.5011958334100894,84.350021859045,33.72374265737419,24,5,1
0.12024855945300955,1.3507910039836988,11.232389695400549,0,0,0
1.1968836579084683,138.0919119494913,115.37525580242634,3,9,1
0.380137556152655,91.84607863234548,241.60638979739502,12,8,1
1.642428122864548,2.8082174390853676,1.7097858360640117,1,0,0
1.3467425392043673,20.645919211172824,15.330150573445358,18,8,1
2.2528728175603674,0.8078268823426936,0.3585747452313051,0,0,0
1.1538714027983383,3.0083616348266395,2.6071671035956587,0,0,0
2.7395687600196195,1.2867835237821494,0.46970123383966306,0,0,0
2.981572077393254,104.79293612480295,35.14675544884601,24,7,1
2.4659160624727914,0.795765772693648,0.3227046361218417,0,0,0
2.06099198302922,45.52339113960345,22.087989974999473,15,2,1
0.22386792954727605,106.5128712632698,475.76316021261755,8,9,1
1.8211903843272665,71.49068211868683,39.254704058880804,5,7,1
2.1704798737402426,131.92738155946267,60.78230686795239,13,3,1
3.6565344008717395,26.6283291591199,7.282375445180309,21,7,1
1.5338188836374864,0.2784321560515973,0.18152752176063697,0,0,0
0.4890577493371341,26.001146936752335,53.16471382951219,14,2,1
1.2720069327879957,1.11380280084604,0.8756194765464456,0,0,0
2.7006863887274344,1.5692810848149044,0.5810653472063729,0,0,0
1.5939843823211075,3.169884028813318,1.9886419073807942,0,0,0
4.44764838485584,92.89775422822538,20.886890626433857,21,3,1
0.3687714237854657,37.735073116354044,102.3236819496255,4,3,1
0.5737635993554185,0.6718230582856384,1.1708852743318434,0,0,0
0.7964222944567598,0.33517631713685814,0.42084722012117715,0,0,0
1.3580705167719356,2.9208237459486153,2.1506999841888708,0,0,0
0.25654340617588167,149.6520967722298,583.3175205229392,7,7,1
0.36791594387870163,50.24401798586944,136.5601388589057,12,1,1
2.108344051457613,0.5167489011651778,0.2450958845398489,0,0,0
0.13199066684307692,1.3900773943572609,10.530836151076358,0,0,0
3.9111132839911518,26.8269048308128,6.859130455084241,10,5,1
0.9694215299391841,2.104022099077585,2.1703668945135073,1,0,0
0.6917033404238067,1.8207633428370875,2.632251304740663,0,0,0
1.3506035755637344,65.30168898290577,48.34964653427936,22,6,1
0.23179450299022783,0.970985887735914,4.188813742659899,1,0,0
1.1147650232825304,77.37531128334001,69.40890284346628,18,2,1
4.8396356970719205,76.04903851373194,15.71376155898005,5,2,1
2.9655598202684423,1.6042144128726044,0.5409464319162081,0,0,0
0.2076062934384325,85.64448249001433,412.51330072228524,6,3,1
1.3551664064074609,0.23608982219331587,0.17421335043692512,0,0,0
1.7800088680865367,2.8559018935254645,1.6044222590715949,0,0,0
2.541896553691622,1.7149697295433308,0.674678511313751,0,0,0
2.139086159854801,77.11581973244894,36.050655963817654,17,8,1
1.4294511299811703,2.3475188365272683,1.6422404130416552,0,0,0
2.3189316645976654,1.6044009655913176,0.6918677559185948,0,0,0
2.2050011214702843,24.86648728853028,11.277261618503537,24,8,1
2.269412220345643,2.6164863430794267,1.1529306092195237,0,0,0
1.2905968535936214,69.86484871813438,54.13333155918061,16,1,1
3.284383595861796,76.84116310622362,23.395844883828904,13,3,1
1.7736395389249289,2.8610412119317115,1.6130814736184516,0,0,0
2.683413230039937,1.4920170571468814,0.5560125739556468,0,0,0
0.973669256204001,1.9549082013230525,2.007753774014334,0,0,0
2.6422872093017817,3.188636446644467,1.2067667616721487,0,0,0
0.8134087436375457,142.97154176125295,175.76622481293617,22,6,1
1.921889693821274,86.45110549938467,44.98211107339098,21,5,1
3.477170430209797,141.99680575127962,40.83676662781407,12,9,1
2.644316314085232,1.3071553108345135,0.49432451050834314,0,0,0
2.219524002750865,1.402034113316555,0.6316794928930531,0,0,0
0.9260374336946561,0.21434953679905167,0.2314671246848126,0,0,0
1.7129530086270337,2.5165017744145968,1.4690928886033632,0,0,0
1.3982529336902132,0.5162520377970542,0.36920955662794563,1,0,0
2.1970443446564927,38.262098035155695,17.415180524875883,19,3,1
0.7885570582869381,1.6883277103919512,2.1410071504376926,0,0,0
0.4380488394564134,27.781933718147332,63.4205527107315,24,7,1
1.1042480448073904,22.593303732548286,20.46016675068834,16,5,1
1.6038288971306285,0.862127071729541,0.5375396950852994,0,0,0
0.95903669945295,131.18160619721078,136.78333523491412,8,9,1
2.5286703068944463,0.8434418518404297,0.33355021176096705,0,0,0
0.9886551858397775,0.22479980932861954,0.2273770863466517,0,0,0
2.9065082492817296,1.4631955081745165,0.5034186551335459,0,0,0
0.5185049266936964,0.3900341614282402,0.7522139505516031,0,0,0
0.70186871499654,0.8382546263636586,1.1943012495653054,0,0,0
2.9145867901743685,101.0361515678238,34.665567432323705,6,5,1
0.7078417252358715,99.85344416864625,141.0654811011062,10,1,1
4.984677020858499,35.747358333978326,7.171434873321626,22,9,1
1.0899767255704362,84.12244710118833,77.17749687012333,23,5,1
2.2965304127519346,85.22439943651256,37.10990625868783,18,3,1
0.5650596777472551,2.188300794172214,3.872621165758251,0,0,0
2.067990159264704,80.85482004402586,39.098072445397925,17,3,1
1.8715070705953696,110.87832952269576,59.245160658578975,24,3,1
4.5893203015392245,128.4854070505819,27.996548212598455,9,6,1
3.352268990992307,73.90741123098758,22.04691537595153,23,5,1
1.7869924296730826,2.4756763606244223,1.3853794038082683,0,0,0
4.836026120279985,142.1207050299048,29.387850192830378,16,8,1
1.2911459411361317,60.797040971397045,47.08729521695085,11,9,1
2.17379046772273,1.9387904790223516,0.8918898067279493,0,0,0
4.997624910600879,127.75595426421201,25.563282742646674,6,1,1
1.2332914197720044,124.49911645121794,100.94784166731407,4,1,1
2.8728531830459003,140.41781957176815,48.87730832447535,7,6,1
3.85164468025736,17.138139577558018,4.449552465179169,14,1,1
2.5623842578801606,1.288531137280603,0.5028621701433994,0,0,0
3.4297041814865175,128.80998783523995,37.557061906368745,6,3,1
0.407035522818075,1.2001828188083177,2.9485223433957968,0,0,0
2.8171480386925696,84.70945300405248,30.06911640759982,10,7,1
1.2325788658209964,126.42602701231118,102.56950270932553,15,4,1
2.6545959655797824,0.25377831588339655,0.09559924115817686,0,0,0
0.2575629009864211,2.4208002257912202,9.398505108729747,0,0,0
1.3920707523514837,0.7484749427645763,0.5376663253911547,0,0,0
4.882903849227738,132.22373509279967,27.078858889495187,7,7,1
2.4200100971146763,1.8133919347274905,0.7493292873433357,0,0,0
3.6350506426772595,123.00734507343513,33.839145248162616,16,6,1
2.0207219492647885,1.9900139156549101,0.9847985609268687,0,0,0
2.4937054259594493,2.71910117804121,1.0903815045355643,0,0,0
1.2927815189920706,0.8456479140584611,0.6541255118364122,0,0,0
1.8638740734233255,42.204406932254635,22.643257450416105,5,3,1
2.168713799065202,2.875141196830318,1.3257295364534698,0,0,0
3.208529475421906,89.71729870986626,27.96203674510469,7,6,1
1.2215325042715586,3.003862965083877,2.459073634015845,0,0,0
2.4261468673324296,71.03554741605288,29.27904142247685,21,7,1
0.3948607294513924,67.75165291654557,171.579324227641,20,4,1
2.8727538122358602,38.124224880135884,13.270922140467913,14,5,1
1.3812518532581315,92.95027551966533,67.29373963409869,24,4,1
0.12222569468275346,0.7791133082157591,6.373860845130748,0,0,0
2.7996652294327373,99.97220100080857,35.70849931085209,20,8,1
1.9775368421625066,17.73189140639331,8.966610058653758,11,5,1
1.233995320469456,0.8260304498716359,0.6693896988688727,0,0,0
2.9999979679448843,87.68186523101848,29.22721078340461,9,4,1
0.43548016356148744,28.986522391889523,66.56068223179713,17,2,1
3.7036328925719415,134.98077976986474,36.445408935235996,16,8,1
2.075328978084554,104.88716173300143,50.539773425258765,9,2,1
0.15565760278686439,0.9054209471096061,5.816373676347303,0,0,0
2.52422306886868,23.586193911002646,9.343904967370381,24,2,1
2.8313781094023276,143.6789676655238,50.74506288572806,9,9,1
1.7931501675079842,99.29736516989298,55.37562509426579,14,1,1
2.7859627984521675,0.8088980167711872,0.2903467030333517,0,0,0
1.3057478002176337,1.4297274336334473,1.0949407565439404,0,0,0
0.7175960683758411,0.5227515743189863,0.7284659332691135,0,0,0
1.0455387800137284,96.98100046370087,92.75607443435348,21,9,1
1.5350894741547718,58.80839763780789,38.30917711061551,13,2,1
2.7568912674263157,101.22803460364464,36.71804855679337,23,5,1
2.9393103755688705,80.37593674481295,27.345075212924733,4,8,1
4.0479572614787065,102.68602738116483,25.367306785888886,21,3,1
0.45915347744687063,0.3186604765381653,0.6940022283785348,0,0,0
1.2621635163917961,59.180092597886855,46.88744600430717,13,8,1
2.9114642564985695,2.783072090271339,0.9558978871475061,0,0,0
1.1943532127102874,1.3819012438988736,1.1570192628112004,0,0,0
1.605273393633984,0.3095989471358662,0.19286248668841394,0,0,0
2.0728194333042707,53.358341667728794,25.741790815209985,21,9,1
1.4924980366649967,94.72960379470896,63.47007953563981,20,8,1
4.562355348650224,17.85826910427609,3.9142566935283822,17,8,1
2.8969822963123537,0.7316760232958361,0.2525640210459665,0,0,0
3.5957830003179265,79.7298852107851,22.17310206781527,3,8,1
4.401743551523651,110.10664091557744,25.01426752469239,3,4,1
1.017725679535807,0.3695977627933925,0.36315692789896825,0,0,0
3.3827026358201215,86.11064193366687,25.456091369342634,14,7,1
3.289050190339604,26.880813714046056,8.172794706827952,10,8,1
0.8018640319445439,2.313563442472193,2.8851956171492468,0,0,0
1.8929388374378584,1.2436322826662947,0.6569814556370018,0,0,0
1.6317488590934328,1.5485090876232581,0.9489815722425884,0,0,0
0.2976996972179313,0.18001691154340965,0.6046726499863809,0,0,0
1.7718977789913353,0.9495711841303386,0.5359032763380526,0,0,0
0.9599531857342001,1.1840800122121338,1.2334639805030903,0,0,0
1.4953062953789706,1.7510272409099163,1.171007930777708,0,0,0
1.258604475302111,1.11306358815911,0.8843562584102143,0,0,0
0.8526711712106619,1.4546872455634248,1.7060154424402463,0,0,0
3.9485351309623384,128.46069352123874,32.53367740789386,22,7,1
2.3302772861632004,1.419067543742713,0.6089667794047816,0,0,0
0.4366106574700571,0.24260819026743352,0.5556498212274147,0,0,0
0.580094763721404,80.85608304655393,139.38186359280644,7,9,1
1.725967055322955,2.04812201550522,1.1866449841779543,0,0,0
1.3388209455542588,50.45553766941994,37.68626489921175,7,6,1
1.1071311678616405,53.04264230352648,47.90955647144287,19,8,1
4.652663836112707,69.99021426794019,15.043008973613501,5,6,1
1.8336432388643906,2.1606915352236236,1.1783534037012213,0,0,0
0.21409626793867798,0.47854073343108305,2.2350617664688897,0,0,0
0.7050538651432148,105.72266789437224,149.94764747005937,8,7,1
4.461928823975939,69.56630874719897,15.591049427524403,23,3,1
2.5746198413330994,1.6448323877121354,0.63886169627416,0,0,0
2.9797484954029057,98.33429526710339,33.00076010146829,17,5,1
2.1726846171559044,1.0093956064671306,0.46458236629151645,0,0,0
4.150858785419041,139.7166728592281,33.65962165559598,3,7,1
2.649443091930278,3.028669269103372,1.1431299834400213,0,0,0
2.6970173626389813,1.3065252040759059,0.48443157165357786,0,0,0
2.996788574896543,1.112581673220324,0.3712567412905731,0,0,0
1.1820555934249124,3.0192451586398947,2.554211183739766,0,0,0
0.3610201827783575,90.65385876569228,251.0977283618035,10,4,1
0.94791102019536,1.4761503089697714,1.557250316767474,0,0,0
3.9028639471660944,15.294852758250226,3.918869265392476,5,6,1
0.5086802524268117,2.5868106403375233,5.085237289286772,0,0,0
2.955270099490728,2.165862644554249,0.7328789731056232,0,0,0
3.663567325208129,53.12360986428665,14.50047457679051,15,7,1
1.1352490454591253,2.0677068374224916,1.8213524443544622,0,0,0
1.5436562732994417,0.4269684698655548,0.2765937672220757,0,0,0
0.8800808728617832,2.5724332119752833,2.9229177250873275,0,0,0
2.1379184197036647,131.421351910777,61.4713526886897,20,4,1
0.574219230496566,1.3123527636204584,2.285416161217705,1,0,0
1.5590841703994662,0.7009755106043672,0.4496043432865671,0,0,0
2.9711561653023635,0.5342604472332245,0.17981506839717765,0,0,0
0.3475140374280672,3.1903101807224368,9.180113710502077,0,0,0
2.05025808655873,36.362500145060466,17.73548560963706,7,2,1
1.312619885672119,2.4475772326540524,1.8646362233332778,0,0,0
1.879549918669213,2.8835994096755844,1.5341886050205105,0,0,0
1.1669431118998104,131.6341987955281,112.80161769415604,21,5,1
1.779554141411494,57.46933051089898,32.29404839845566,23,9,1
1.850129978525798,1.2092236607520017,0.6535849583205687,0,0,0
2.693153536525943,0.694788706628103,0.25798236802372143,0,0,0
2.9684520676924366,37.34726451367192,12.581351441254624,5,2,1
3.586412771183059,106.82880507604517,29.787008362320147,20,9,1
1.4100444803461871,1.1996585258636594,0.850788776309641,0,0,0
4.575665055489316,64.71547663270829,14.14337247464084,4,4,1
3.9939558842383422,41.154755958349426,10.304233223613958,14,4,1
3.7279182638234984,29.91528977568876,8.024642015242684,7,9,1
3.5245445284404835,94.94567435794445,26.93834741151111,14,8,1
1.4228422169592576,56.16617608918421,39.474356802293606,3,6,1
2.705045417251896,104.60010465504456,38.66837773006118,16,5,1
2.8884971231989423,1.4790425417653768,0.5120439308895931,0,0,0
0.26495605355517504,2.4762346802870443,9.345478966313724,0,0,0
4.277810045859786,82.47600479605951,19.279914515310782,21,6,1
0.4797214474907575,139.35696945376412,290.4895440619389,3,1,1
2.213698182582846,0.3957377596709529,0.17876690468263323,0,0,0
1.3087006905347054,123.25838363287708,94.18306469439543,21,9,1
0.2526363970709468,134.64992554143896,532.9580279097638,16,8,1
2.05389306637386,1.4960861959204577,0.7284112967228676,0,0,0
1.5788369354099245,114.4672667758766,72.50054720862275,20,7,1
0.7101368555385719,128.66777628786053,181.1847440911071,5,2,1
1.6822886890162114,3.0185409072072282,1.7942954642450775,0,0,0
2.6524545399723065,0.7687961054470077,0.2898421803049003,0,0,0
1.4327915579218813,76.57717320779548,53.44576350046835,5,6,1
2.040164778254414,1.5331162391018824,0.7514631861166453,0,0,0
0.21296584080398465,73.40117900418518,344.64556508895765,23,8,1
0.6380239955390513,2.7927318206623934,4.377089371708036,0,0,0
1.7200629497062336,1.1638187948352405,0.6766101373979551,0,0,0
1.6849690979840615,108.70777328679198,64.5157992860872,24,7,1
0.6675666562889823,2.6427852887291583,3.9587742678424975,0,0,0
1.625672638429472,2.232084539733778,1.3730137032712206,0,0,0
0.7218031022151257,116.52801474079972,161.43793231682054,3,2,1
1.7898719030995764,2.6186688452369324,1.4630400143730868,0,0,0
0.2478523267256888,26.44343084755498,106.68596231173176,6,4,1
1.814698763660295,1.336908381997404,0.7367068527849282,0,0,0
0.37379485513944777,89.40408038628907,239.1731384894316,7,6,1
0.8969375030895946,2.6501043873924033,2.954581375458368,0,0,0
2.035894707945264,0.39615947288747133,0.19458645158657503,0,0,0
3.5344243020653963,118.88052728760425,33.63495177096226,13,5,1
1.9233286436739796,0.9249142424656567,0.4808899595023354,0,0,0
2.636634850784178,1.7397051154843572,0.6598177661155019,0,0,0
1.9202397437605452,0.6952498626941138,0.36206220828992924,0,0,0
2.1343473942489815,1.523965332341265,0.7140160014661013,0,0,0
4.708808075566337,64.74988380818141,13.750772013079704,6,9,1
2.987371012355613,1.5885688973118524,0.5317597222254661,0,0,0
2.2334230312936505,3.194877285318144,1.430478210249987,0,0,0
3.097211780759387,82.9886916264362,26.79455896312622,19,8,1
3.0238772930268354,61.352707166167015,20.289349840401787,15,6,1
3.389001972087499,106.95358937477272,31.558929344499628,21,7,1
1.21132456124703,0.7706316106555638,0.6361839538882003,0,0,0
1.8011450384732253,1.5117242062686167,0.8393082072213235,0,0,0
0.6592098100554209,66.69371498951949,101.17067778031812,18,6,1
4.455754347148907,50.509883967755584,11.335851726556221,7,3,1
2.0857204004062497,0.604112511969163,0.2896407473619297,0,0,0
2.358463284248755,123.76744649838047,52.477781845132974,7,8,1
1.5700692700893204,1.3691774226327569,0.8720435004245777,0,0,0
2.7666399715025443,3.179090547811189,1.1490758066820617,0,0,0
2.343072064491142,0.5057083482268845,0.21583040384746896,1,0,0
3.2724339036136163,97.02918274433173,29.65037311630817,14,4,1
2.21174739299045,1.6360230802392153,0.7396937319726546,0,0,0
2.7040701269365557,1.7276529547606925,0.638905976768501,0,0,0
3.3395722541875883,84.06473243728415,25.172229949381606,21,8,1
1.4648343369001129,63.124350564451305,43.092872719864786,15,3,1
4.470795153417824,16.237349274815227,3.631862431401682,23,7,1
2.910397627408353,2.83973624338662,0.975717702442711,0,0,0
0.41221157089136273,48.02271045938589,116.49732534749337,9,2,1
0.5583758942970756,138.44944991679637,247.9458226484814,15,3,1
0.8973728467797759,57.69946707795929,64.29749274238038,24,2,1
3.238538745957164,93.0689630484095,28.73786079786261,17,1,1
0.8967214240066066,1.3231858343527039,1.4755653687708343,0,0,0
1.8771079230558803,3.0092946904638795,1.6031463199524814,0,0,0
4.466444056344953,21.523795195478584,4.818989499041712,18,6,1
0.8238580957703003,82.05143193299321,99.59292313204185,23,5,1
3.2889159697961086,17.05376785137298,5.185208790950743,17,8,1
1.850000920805996,2.1714596755205506,1.1737550579293385,0,0,0
1.0208941307470065,2.7291386285484536,2.67325652463715,0,0,0
1.3368492670013974,2.0078044174445897,1.5018816617459936,0,0,0
2.6258104588636484,2.3136694896105263,0.8811225008932222,0,0,0
2.104061856943859,0.9420628619505459,0.4477332173050789,0,0,0
0.6119312928159739,0.7835072481175436,1.2803634226284577,0,0,0
0.8499156142908736,0.18634194654533065,0.2192450061653961,0,0,0
2.2387536195182705,1.5018756167584024,0.6708504657055178,0,0,0
0.5120037869546648,126.41663432710263,246.90084046173536,18,8,1
4.424512002590743,43.88483366350738,9.918547955646051,14,2,1
3.35645039477061,127.6802504416102,38.040148079964524,15,3,1
0.5380678861646107,1.4402378832320661,2.6766345918766556,0,0,0
2.9695654668145353,2.221374171668569,0.7480443573476305,0,0,0
3.4647610244426175,22.84806178862186,6.594392999548205,5,9,1
3.7544909101657638,131.41093686356385,35.000906913553514,7,9,1
0.9543962494039602,0.14437736076788593,0.15127453414942701,0,0,0
2.4822666330509535,1.197600143300792,0.48246038630627064,0,0,0
3.3264133078409865,35.800223883866266,10.76237765634897,23,3,1
1.7531773932591583,0.40124713068938245,0.22886722333969553,0,0,0
1.5806541853126603,0.4718541193660064,0.29851636024300265,0,0,0
2.15555783050249,148.18688125520907,68.74609982496577,7,5,1
2.8394092215498103,98.64365003165672,34.74078405999347,23,1,1
3.116940336788519,69.3606131142897,22.252716796814248,17,3,1
0.24299606261849155,0.8981855711266549,3.6961447029277013,0,0,0
0.9563424327390354,0.8203914014737483,0.8578337581304742,0,0,0
4.891466927399556,22.03204037490479,4.504169334111044,15,4,1
0.666204664614329,2.3396015573106665,3.5117833358787736,0,0,0
0.4436576084346395,0.9955433106184136,2.243894509520128,0,0,0
0.5997276264847266,0.6960959583068794,1.1606674778551798,0,0,0
4.932484009399605,120.39208008286141,24.407952620608622,18,9,1
2.3141959466378155,0.4369158720615455,0.18879731628739305,1,0,0
1.0025307356838413,2.199073983178529,2.1935008772272204,0,0,0
2.996330764231094,109.34254551021444,36.49202614585573,22,8,1
2.330508757474733,40.38212182149901,17.32752490919903,23,4,1
2.4937756976710235,0.5544857311160099,0.22234698500109723,0,0,0
2.5945895415386286,148.54005260674577,57.24970278791452,5,6,1
0.8029882240037326,0.455994156691531,0.5678644647779587,0,0,0
2.0990001950978017,0.8821669739160299,0.42027760321332125,0,0,0
4.685217040844066,42.88214453622086,9.152628925426727,10,6,1
2.058997633641584,96.0273438574984,46.6376822934179,5,3,1
3.3238529126882224,145.66141740703375,43.82293170124395,19,7,1
3.364915458938451,83.94220290036962,24.946229544963312,20,4,1
3.9417520727548783,49.099110902437765,12.456132561071255,22,3,1
2.974760236087192,65.7516806794446,22.10311232840955,9,4,1
1.4602181678026465,2.582910036778434,1.768840030435244,0,0,0
3.265755655439228,67.33408657543788,20.6181623789481,20,2,1
1.8021158690208305,1.900946177653356,1.054835408742131,1,0,0
1.235719982924909,20.885314442000244,16.9011958361371,8,3,1
1.9040514306608332,2.7733274971149102,1.45653257424178,0,0,0
0.1735171559048268,3.0842100855015677,17.773645107127454,0,0,0
2.5376769944779496,124.77958988340227,49.17059911443956,11,3,1
4.890759512002155,131.56482302389503,26.90063858070379,3,6,1
2.2157056896715432,40.89787547113643,18.458088130070113,6,4,1
2.9491994837436186,2.926637565572286,0.9923464513810389,0,0,0
1.0515654565816752,29.80089814225017,28.339286501724803,18,2,1
4.085251944621511,123.02060753288633,30.113272833055476,4,6,1
3.183821974607425,32.3110428860095,10.148476158197242,8,4,1
4.764186582202054,26.268712513089653,5.513775945187388,9,6,1
0.296056273418119,49.135422132945436,165.96088965376353,15,2,1
0.4602163721887667,112.93953459209074,245.39996275086858,21,7,1
4.358965103595399,85.319094090414,19.573200594800493,22,2,1
1.0167326774936811,49.3872675617691,48.574008601184175,9,6,1
4.590392515633997,92.6401965368138,20.18127957652945,8,3,1
2.106155153511749,2.1903100784700764,1.039951722123038,1,0,0
1.6920615464834876,143.74362088004162,84.95126649861454,21,1,1
4.434400277460959,92.60738184633956,20.88381003378073,18,1,1
2.547057304609088,1.5270200569925718,0.5995208898600077,0,0,0
2.311874081803424,78.48171954725298,33.94708245321365,5,2,1
2.144125929125807,2.633097240248314,1.2280458549667899,0,0,0
0.5922979247538681,1.711299240523655,2.889205376130634,0,0,0
0.48622816443581784,0.9101323554446897,1.8717830520373,0,0,0
2.677908845201188,109.46035802623904,40.875158790712135,4,6,1
2.826781002081379,88.3438092213208,31.25233140910412,11,8,1
4.878895248417983,126.45646236244703,25.919024027665095,22,8,1
0.916686522106332,3.0864169933827177,3.3668906982334006,0,0,0
2.143327470167093,83.35732469290967,38.89136724997916,7,1,1
2.9672757943454613,145.11878496517105,48.90623789650234,19,4,1
1.6445900727195673,0.8516585612676619,0.5178514675968182,0,0,0
1.809416569505622,2.001204223150875,1.105988083118317,0,0,0
0.9756200084387276,126.10238441742922,129.25226092545802,19,3,1
1.611758538197003,3.125642852165562,1.9392628520110258,0,0,0
2.790462625918681,2.789876503549641,0.9997863722569779,0,0,0
3.297913636699928,107.79528287730389,32.68580317559123,10,9,1
0.801492101950633,0.13845251245967585,0.1727412967760421,0,0,0
1.3202981682963522,142.06997366398244,107.60364669053071,19,4,1
1.1548033256732806,25.76470525297728,22.310710034416957,22,8,1
3.020975496039087,23.64587572174645,7.827205973927822,10,8,1
2.4081865227161567,0.642881734404095,0.2669556775536747,0,0,0
0.991140898286231,2.589380283281257,2.6124985486654717,0,0,0
2.238557929292308,1.687887954519291,0.7540034557061188,0,0,0
2.0703556269829537,115.11640766452317,55.601970088866324,5,3,1
2.1718300758066023,2.452916375817986,1.1294185069805356,0,0,0
0.4490339724511626,142.20155213130744,316.6762296242003,23,7,1
0.9698906000294971,60.842374063102895,62.73052523243364,9,7,1
0.7614313386519042,0.7573390037155026,0.9946124084310098,0,0,0
0.6692534767020943,0.16994998628657643,0.2539358447050374,0,0,0
1.7589410657709725,1.689269950464891,0.9603848471614306,0,0,0
4.739766301956587,140.53089756757572,29.649267943207438,5,7,1
0.5254226999749404,112.68339455939743,214.45828279201442,4,2,1
1.4201384323372235,0.13602367371511198,0.09578130751533462,0,0,0
0.3011477725379798,0.41241180427002266,1.3694210871413333,0,0,0
2.4055797193491686,62.229781872265406,25.868825997935197,24,6,1
2.218834755953092,118.27531373888262,53.30490716917153,23,5,1
1.3896670528891737,1.8872894688485342,1.3580777382232885,1,0,0
1.916079532121085,1.6155832785565993,0.8431669039849983,0,0,0
0.26537805061049613,0.4269986251292106,1.6089594996720729,0,0,0
0.39995893309540176,1.3462843723535465,3.365972356739084,0,0,0
0.24987699138896233,1.747199357861259,6.991958037309956,0,0,0
2.113278381048588,51.54905387693388,24.392815641827298,23,1,1
0.29850631244144865,1.3947676870326837,4.672333232396656,0,0,0
3.154441065272207,28.619073787217058,9.07260033363283,12,2,1
2.9624970414373952,139.91072662369018,47.2271372411004,11,7,1
0.5492594059502102,28.33382193883142,51.58456238758692,19,8,1
1.4462917072437522,2.3404870319402944,1.6182564261786083,0,0,0
4.406820529301565,42.22345352103045,9.581365391811973,23,9,1
2.6604364412830224,59.63110934595025,22.413948433854827,17,3,1
1.5404733345967507,64.6779854202162,41.98551452498954,4,9,1
4.020383083616751,79.13566230678292,19.683563437929404,18,2,1
2.473303231860652,0.22443046316463622,0.0907408169226504,0,0,0
1.097865691763382,1.7136858956450614,1.5609106827864814,0,0,0
4.311527343151515,80.08262503728643,18.574030250367752,13,4,1
4.096936159196403,112.0524375216467,27.350234337379057,18,4,1
1.5901779461996264,1.6775607223322735,1.0549449367550914,0,0,0
0.6210810157237017,0.8363843072640207,1.3466372658594281,1,0,0
2.904658274301689,31.20037119827989,10.74145763022828,10,6,1
4.160926087067312,56.158713247812955,13.496653655017909,3,2,1
3.9957107059137633,65.48026241041582,16.387597439806903,22,5,1
1.7406226955877941,0.9277876375252061,0.5330174711051843,0,0,0
2.760841213445665,126.16616225750829,45.69828379126861,14,1,1
0.17716426162528398,2.379208406114948,13.428634522247213,0,0,0
3.864810006657758,83.95692411734933,21.723372362159264,21,6,1
0.6770772029823666,1.3968349787170686,2.063006024282291,0,0,0
0.1017340226209064,1.0542393650809694,10.361683545863105,0,0,0
3.2314567301213963,25.625703814246307,7.930053426013031,20,2,1
2.2110239902239193,1.6390295723014294,0.7412955113075576,0,0,0
1.7810147217642447,94.35237968396025,52.97645705360946,13,5,1
0.7112558577526469,32.19208481074451,45.26027006618921,12,2,1
0.2007571739746723,111.96212932247337,557.6714913395051,3,1,1
1.1758237665172904,2.493671285609098,2.1207685615247462,0,0,0
1.2783713605043427,113.12658141240385,88.49204541575412,8,7,1
2.999336777038621,46.044791079139614,15.351606366970858,17,6,1
2.862556047599916,92.66274530539125,32.370517837687345,18,4,1
0.9886303229718671,116.69003771043553,118.03082981651364,5,4,1
2.5190193313019598,2.3954760090559093,0.9509520112724563,0,0,0
0.6827076971112638,1.761065821866552,2.579493441166134,0,0,0
2.7483976024137666,1.6851614364689074,0.6131410184533502,0,0,0
4.658259295989392,56.44502468452509,12.117166504976922,20,7,1
4.4113976985986785,115.29267719375252,26.135121727782323,5,7,1
0.4654058808055834,0.7088995692032539,1.5231529443649992,1,0,0
1.1803464939026973,0.31301240094427907,0.2651846307121535,0,0,0
2.8060466676789653,50.10847098569574,17.857255544002626,14,1,1
2.367161495193306,1.6009363997065633,0.6763077381412236,0,0,0
0.21755029445431653,58.20804116478364,267.5490089346528,21,8,1
2.3221118710050987,1.0426933715109798,0.4490261189692272,0,0,0
2.8829755532978094,60.41315265939277,20.95506603919224,9,9,1
4.146268203680494,90.8498381611153,21.91117761477543,3,6,1
1.7777712727902413,0.3559736899093593,0.20023480692349507,0,0,0
0.8796751917083612,1.2421916517413947,1.4120865776187965,0,0,0
0.3978935071954899,48.85777524011496,122.78799848856609,19,9,1
0.8965310223849257,1.5707482338562397,1.7520093276689424,0,0,0
2.8941477985740063,1.7090000684016011,0.5904999614200892,0,0,0
2.5335251634051823,0.5505127465035627,0.21729035162221685,0,0,0
0.5517424556824935,1.795840571408291,3.2547939803673653,0,0,0
1.8273523477627485,1.561886184505491,0.8547216628479394,0,0,0
0.1187466375901606,1.6383415878925234,13.795789617642944,0,0,0
3.143217731566962,132.28814793540573,42.086720795587226,17,2,1
1.7724369566874933,0.3084933332988403,0.17404940223169224,0,0,0
4.562805171782979,142.16884532932266,31.15814250125945,15,3,1
0.6906760214333335,129.0104067273434,186.78589507228904,5,3,1
2.6817649732836575,1.5125359336357103,0.5640055368939882,0,0,0
3.9630648824268295,68.29898318856456,17.233836153694117,11,2,1
0.6271144335074632,1.662811809947159,2.65148624595468,0,0,0
1.8982109921926893,1.753729385126597,0.923880513564869,0,0,0
4.6767108826038974,66.71293886683549,14.264896396744371,22,1,1
0.2743158038600736,51.84381664379013,188.9862926282877,9,3,1
1.9589932196153184,117.03181778951581,59.740492827008666,6,9,1
0.8207654806895354,1.0825221274785723,1.3189016399090565,0,0,0
2.1639961366635414,3.141545568554648,1.4517267374288847,0,0,0
2.548540453047695,53.622139474220184,21.040250315663133,3,5,1
0.2529574612704304,2.6859087354461684,10.61760560807797,0,0,0
2.9562973487727793,54.474391598104106,18.426498050250927,18,9,1
2.6228207531146004,109.1073036652024,41.59906373510297,23,4,1
0.6270825721728241,131.2686669997138,209.3290095031403,24,5,1
0.39259817725284557,136.69532198768124,348.1723761949242,3,6,1
2.7702587580384233,141.3261503058143,51.01532112930616,5,9,1
4.076174025910367,83.67233334235067,20.52712360641359,3,4,1
0.8344899122158737,0.13093420764119307,0.1569014037323496,0,0,0
4.780972938695532,139.37860055806982,29.152708207760014,14,3,1
4.326290770713902,141.98593435884283,32.8192471776328,5,4,1
2.9599127121227147,2.6446319287156994,0.8934800621260466,0,0,0
1.0936709249153125,2.7804426577602346,2.5422795574271664,0,0,0
0.7394141543027728,2.039517447224557,2.758251046245148,0,0,0
2.5385275803351757,0.2191216817832075,0.08631807678587755,0,0,0
1.7394577382576688,1.5381907087338424,0.8842881502789843,1,0,0
0.4191505811302626,0.8065990038800193,1.924319795780969,0,0,0
1.9319950131470938,1.7081183260555994,0.8841169222812733,0,0,0
1.6345433061769647,41.05284107176886,25.11563307028928,12,8,1
0.2076857002353384,53.2345763143051,256.3104400042245,23,1,1
2.2224309381308522,0.6392874883003498,0.287651058496975,0,0,0
0.574602234310543,0.6092239735860782,1.0602349501260873,0,0,0
0.8674415780835363,2.1521037288609928,2.4809496959076873,0,0,0
2.697500838373188,1.0215903332721121,0.3787159327553293,0,0,0
2.02047325915582,2.3174991626403205,1.1470024075371934,0,0,0
0.9624929213309878,41.414949909421225,43.02838878883709,4,2,1
0.28859081140650866,88.65714269766534,307.1964429538187,11,1,1
0.16399183117864347,3.1458159439937203,19.181590360214052,0,0,0
1.1025183811613664,0.6629529220844196,0.6013023641043029,0,0,0
3.3228079359013925,43.70434116407348,13.152794407382315,23,1,1
2.2898691014144643,69.2563255740555,30.244533666111753,9,4,1
4.30844091003823,73.68155002272348,17.10163387287374,4,6,1
3.061676813131409,138.65230553379706,45.286247090696804,19,5,1
3.381950011253916,130.09273001555556,38.4666671346364,24,9,1
1.7632339592211626,3.0637461451969927,1.737562252333064,0,0,0
4.748492007717067,77.62180489289443,16.34658778005079,14,9,1
3.797727722277967,83.83299760136438,22.07445688247252,13,1,1
4.043885574448796,138.96485267207635,34.364105134197985,12,3,1
3.0437156259126055,129.39982821544692,42.513631029619745,13,4,1
2.122518775015836,1.0217819228549074,0.4813983842679749,0,0,0
2.643649356220635,0.8538579388191004,0.3229833438298088,0,0,0
2.5815186721288645,1.7164816360351274,0.6649089954207738,0,0,0
1.0110699851272191,3.0697103060956077,3.0360706880270816,0,0,0
2.9127449337110844,0.39109221894719703,0.13426883752589305,0,0,0
0.2915603926842642,3.1149615305141842,10.683394503252304,0,0,0
4.064448208637725,129.8283266363909,31.94234507331917,4,7,1
4.0253480192751,94.70752391956533,23.527726842200384,23,5,1
4.282061540858854,70.93414689272804,16.56538108153625,17,4,1
0.1293804336804558,2.071897743869581,16.012758323280412,0,0,0
0.3477755305315837,112.71337484512064,324.08874133676676,11,4,1
0.854009667470633,136.21425599820506,159.4977975175133,16,9,1
0.21364233758706774,140.671249490143,658.4119372567901,7,5,1
1.4002724408487353,71.30157832332162,50.91942614098946,22,7,1
4.252954357822863,129.0634014774642,30.346692475817765,24,5,1
1.609435480447396,68.94579906881717,42.83823211560512,16,6,1
2.468300205284708,2.8442405239934523,1.1523027040539187,0,0,0
2.105765865722623,2.5645357644782583,1.2178578956209123,0,0,0
1.3865845708670395,149.47197818070916,107.7978966030742,18,8,1
4.287125356707171,97.24137783809904,22.682133813658602,24,9,1
0.9337824782129011,1.7684823157922733,1.8938708086156444,0,0,0
1.8805138883431747,0.8838601665753446,0.4700074123249052,0,0,0
1.7708014779479215,54.11457607140006,30.559196586025028,16,6,1
2.6881542240095393,24.841291002673426,9.240987131962244,24,7,1
1.3538040565697071,0.1965621876595123,0.1451914217507546,0,0,0
0.9628905088245796,1.85156817786295,1.9229070510339372,0,0,0
2.393097178032994,1.0881327590894168,0.45469453649117525,0,0,0
1.3066431155377607,78.42415598919165,60.019109170313904,15,1,1
4.166977531783904,138.3582754460128,33.203429189715166,9,7,1
2.651752417508342,1.66711445434282,0.6286816810343363,0,0,0
3.0620411611169702,110.81450644813773,36.1896325754776,9,7,1
1.7929410634909237,3.0518875356625434,1.7021588585471132,0,0,0
2.8274614633502675,2.1111726970940965,0.7466645462064436,1,0,0
1.501521733650654,55.05602665137244,36.6665754825677,10,3,1
2.1371378837580863,109.82347924295762,51.38787075877855,16,2,1
2.8775904228657914,3.022445389191748,1.0503353298029148,0,0,0
2.258659670481011,103.05564080240897,45.6266988259784,22,9,1
1.8863578057545192,0.68287667730779,0.3620061131369073,0,0,0
2.6066621727223223,1.5163530223855275,0.581719879566558,0,0,0
1.985944490406117,0.7185815978803499,0.36183185533793566,0,0,0
2.46624612300899,2.770246988726652,1.1232600551425185,0,0,0
2.61785328603179,127.07738938667788,48.54240863712342,14,5,1
0.5251822157635426,2.102376468371422,4.003060984662377,0,0,0
1.1584147425951041,65.12157426822816,56.21562788994195,10,3,1
4.499134013999249,29.255783463529028,6.502522118095933,21,4,1
0.41655621728700554,141.0145359680659,338.51649537607557,15,7,1
4.1947477122005195,52.09770445366657,12.419717187035518,24,2,1
3.797344582082554,87.81200765351876,23.124521493950322,7,2,1
3.0626500083355004,127.81849927101342,41.734472296348834,10,3,1
2.5422795922861052,1.0194986946869888,0.4010159573403375,0,0,0
0.22034224397872848,1.0984093591067623,4.984788624221118,0,0,0
3.7909072058599484,43.11748614572868,11.373892861357735,14,7,1
1.8859652843514279,2.068790317689696,1.0969339496944344,0,0,0
1.7050681510085648,1.8678895100673105,1.0954861564336167,0,0,0
1.9197658433332734,2.8083990539776504,1.462878629153639,1,0,0
2.8883277412649253,2.170390510772522,0.7514323826347317,0,0,0
0.7513852743471705,1.2537177738962915,1.668519641656717,0,0,0
2.2787652924166046,109.90036457852688,48.22781998043313,22,8,1
3.181155624658082,138.74454806702718,43.614374238040405,22,9,1
4.588834124799121,50.813487026617075,11.07326499760797,24,1,1
2.5303802775961883,60.289342425717415,23.826104201993253,19,8,1
0.5775778799084416,38.20294984279832,66.14222903855635,22,7,1
2.955977598125998,82.60196209003311,27.943947444975795,8,2,1
0.14810470389078284,1.6874884807277712,11.393119227190942,0,0,0
0.5198143923697985,146.77075763989814,282.34680748780005,4,7,1
1.206840872054408,41.87801319945942,34.70023858720089,8,2,1
3.223618419494046,17.407561676139146,5.39999013871186,5,4,1
2.121890501041531,16.60046458338293,7.823394440613319,17,4,1
2.5097525960596982,0.47166238976540753,0.1879310778262106,0,0,0
0.4650446084019471,143.87606430360754,309.37455882440224,11,6,1
2.0295050337667306,70.60005822450708,34.786664326144496,12,6,1
4.386373529453631,24.619874907510766,5.6127957672176985,8,6,1
2.234718809585592,83.74356400821576,37.47370313973138,21,4,1
2.6179171774795242,36.83940311193494,14.07197397576315,13,8,1
2.6978656215245644,0.42077269730441247,0.15596445364172667,0,0,0
4.748593560899202,79.14806691305482,16.667651004765542,23,2,1
2.2889996292507604,1.0593339869831653,0.46279140701120897,0,0,0
1.103689206959578,3.1243916226657364,2.8308361580440677,0,0,0
1.5650996433722508,3.0980925073034284,1.9794731445320013,0,0,0
1.3577135608291022,2.7302625006594208,2.0109119259830543,0,0,0
2.3615678677907144,0.22281835857990717,0.09435147645093597,0,0,0
2.395518787514973,1.4990117503906903,0.6257540123096187,0,0,0
0.9578898827399545,0.10344749200818097,0.1079940543601302,0,0,0
1.0692911242185763,2.5331806290455496,2.369005859688726,0,0,0
1.0436591246618765,2.414123355865875,2.313111788803748,0,0,0
1.2082272190019339,68.2012925488543,56.44693895888431,17,5,1
2.8919244931973034,2.047876064403278,0.7081336279298497,0,0,0
1.661252996092966,2.9310120274657385,1.7643275233114961,0,0,0
1.0687449004394307,2.3713670568298695,2.2188128034359,0,0,0
2.3516975948492016,2.134101696811322,0.9074689818944802,0,0,0
3.412789657773147,100.4000912211746,29.418688844655385,11,4,1
1.4145376207692801,1.7256098349154982,1.2199022567915045,0,0,0
1.3968873674640234,1.9618424334179136,1.4044284706323924,0,0,0
3.170888781264482,53.1895978211593,16.7742969707625,16,1,1
2.7530213549909464,0.7563145536587096,0.27472064649303524,0,0,0
0.5199671831518693,149.80570888905987,288.1005431449985,14,3,1
1.4366051807990876,2.66899784983582,1.8578377045627799,0,0,0
4.0350315321619785,63.90082913171913,15.836473707243607,24,8,1
2.034739136069559,53.04187241375091,26.06801569465694,18,6,1
3.5038063924508243,44.662571264903576,12.746835525152424,22,3,1
0.4819735828793713,2.7824168526176285,5.772845697348159,0,0,0
3.6245953300834115,140.03810354409228,38.63540738678703,22,3,1
1.0753378433839673,2.9536612438179195,2.746703089600446,0,0,0
1.0293903290358233,63.28147419450303,61.47411498670778,9,8,1
2.631292322540427,1.6498728750908442,0.6270176030164226,0,0,0
0.29605377346991113,2.3444904851960557,7.918869835773155,0,0,0
1.913757005483121,2.605631454770463,1.3615196872477608,0,0,0
1.7798561866691855,134.59969550626843,75.62349153795446,20,9,1
2.34309395687879,24.248521591109572,10.348888498916892,12,2,1
2.754175328982591,73.62195404253842,26.730936828326914,21,8,1
0.8337688490719786,117.09153462518879,140.43476247390453,15,3,1
3.5920817393845934,135.55904434160567,37.738191053224604,19,5,1
0.8165993786294247,0.5945885083508838,0.7281186377614537,0,0,0
1.5090281016403444,0.8960073599335746,0.5937605942219767,0,0,0
1.35706947499134,3.1912652970991466,2.351568464418424,0,0,0
1.480452575169423,1.265253683951885,0.8546340212666911,0,0,0
0.6923437570155495,2.0430881532010163,2.9509309836172823,0,0,0
0.5276123274482234,1.117397536188866,2.1177980499669404,0,0,0
2.2802929232743754,2.6170333273774387,1.1476691542453223,0,0,0
2.3744708018249048,133.49737619601893,56.2217121711069,18,8,1
3.6842895708014503,91.91211988202056,24.94697244774447,8,9,1
2.4850721703250964,148.8776289530193,59.90853370194324,20,4,1
3.5515183511030246,140.03550439432576,39.42964564842454,5,2,1
0.6557775076079888,113.30475322044511,172.77662643152314,15,8,1
2.032913732409801,0.348327752489767,0.17134324664352452,0,0,0
4.301384399289937,15.659402912734013,3.640541056946331,16,6,1
0.6396941117542042,2.5881942603667025,4.045924065220287,0,0,0
0.3876164888029261,1.3446323791699937,3.4688867195905715,0,0,0
1.1072956461506438,2.889483371630545,2.609472264207568,0,0,0
1.2924727177593829,1.3474594038278664,1.0425357223838085,0,0,0
1.2418899105396795,1.9854552679759847,1.5987240607120956,0,0,0
2.1086152614558773,2.6981573979091418,1.2795812737471561,0,0,0
2.059201643345572,1.6775716172166286,0.8146669249068064,0,0,0
0.7150355886843953,0.8408928086558091,1.1759988761037723,0,0,0
0.7511793522625736,144.13478558993492,191.87543747232655,14,3,1
0.3031992175914494,0.27553922787042995,0.9087429137517099,0,0,0
2.8833939591740654,0.2509540300397823,0.08703394792856795,0,0,0
0.2773194490368175,30.80108481535403,111.06315943845172,23,3,1
4.137328926889541,43.2584451663473,10.455620371152209,4,2,1
3.480485537858802,107.32336005704636,30.83565512141745,24,8,1
2.4300999555609653,2.980606966258747,1.2265317293310316,0,0,0
0.9150442754839785,0.6378377561005683,0.6970490966376957,0,0,0
1.0102389404951644,1.7678703866280994,1.7499354028142742,0,0,0
3.407267177397945,135.9346336888081,39.89538467563654,19,6,1
3.5000100454611967,78.48894435492875,22.425284237075356,20,5,1
2.108064838840672,3.1728935804767837,1.505114297660184,0,0,0
0.509772242454446,92.98429395715459,182.40002537056526,10,8,1
1.5577691673636984,0.259584128874967,0.16663730926269427,0,0,0
1.6134276744375688,16.844084263764422,10.439872906547897,9,2,1
3.6692577576305445,51.114100742771996,13.930327280279835,9,6,1
0.7554840936663991,2.085475730745116,2.760413017425908,1,0,0
1.1053784914046292,30.31894107970428,27.428312593681586,8,5,1
0.5793250214145765,0.10617561917911783,0.1832715359065748,0,0,0
1.1090300935882833,1.4960880346067793,1.3489936416691735,0,0,0
2.728427716774734,0.4447121951490691,0.16299151430686132,0,0,0
2.3425019812636445,89.34321634853731,38.13991862715768,22,9,1
2.308210452472998,128.8403757809382,55.81805483219778,3,2,1
2.934123087213095,0.8512964549239631,0.2901355969958893,0,0,0
2.8756910143654086,1.4240256406170642,0.4951925229721105,0,0,0
1.2883242891121347,96.26748265155108,74.72244080214192,8,3,1
3.867023342362966,15.685639751723173,4.056246316753607,13,9,1
1.9764285443358602,17.475682516437733,8.842006530645788,18,6,1
3.941518481045737,118.56804699062322,30.081743049885468,16,4,1
4.898508872855526,133.83398939302776,27.321317497550243,11,2,1
4.496320270093828,68.04835327383266,15.134198154089924,15,8,1
3.6827275882877513,46.02651564199237,12.497908020482093,24,6,1
0.7509741375709396,113.00578520932687,150.47692694927542,6,3,1
2.095043688622175,143.6987757597637,68.58954333254728,4,3,1
2.7699840104550453,121.4339366775632,43.83906110237922,19,9,1
0.13048835117079513,2.4618586725702007,18.86505576877474,0,0,0
2.1094358419718264,2.372797172224079,1.124843845247092,1,0,0
3.5507568246975145,67.37354276841043,18.974364157001467,24,5,1
0.1374026623896238,1.774928160960649,12.916772953048293,0,0,0
1.3104738233607223,33.41009917897688,25.494476607347217,13,7,1
0.9251700184631079,1.4734044896466203,1.5925597832238239,0,0,0
1.0518760064671844,1.507368724719067,1.4330152844048623,0,0,0
4.993752712838177,24.680920319465912,4.942349434428504,21,5,1
1.240126675532644,0.8344643810798428,0.6728809796077007,0,0,0
4.693953861474576,132.00333203391833,28.121931895839186,9,1,1
4.079207586506124,32.632452604877884,7.999684231805784,19,9,1
3.563926220665661,140.11890572985547,39.31577252066663,5,6,1
2.5815197575082287,2.673681580157674,1.035696595160845,0,0,0
4.249666542391893,41.31727381097158,9.722451438084397,10,3,1
1.8250574005555378,2.3904866991124014,1.30980735198314,0,0,0
2.959776767502279,135.14069254516323,45.65892855153431,23,4,1
2.363059958719957,1.5766407732334065,0.6672002102246061,0,0,0
2.675754914017782,0.7175810260949371,0.268177903946523,0,0,0
1.029536246990971,61.50829560819854,59.74311089760881,22,2,1
1.2542153495680581,1.0390387593828971,0.8284306801331444,0,0,0
2.4770633080633315,3.197985931463821,1.2910340283647583,0,0,0
0.5859429639830688,1.0619562945240975,1.8123575778256205,0,0,0
0.47225577704834176,18.979307536800434,40.1877681152782,21,9,1
2.123715077964993,2.890818744726418,1.3612019628719898,0,0,0
1.2693024927864314,2.6842964324730345,2.114764053554999,0,0,0
2.86648960017246,126.36669477534865,44.08397432455457,17,7,1
0.17076226651396026,2.797306509092883,16.38033251063169,0,0,0
0.9582028853661867,2.157855872043448,2.251958729629075,1,0,0
3.818087369816251,98.97124048921238,25.921612495172024,10,6,1
0.2880754240006082,1.897949741027207,6.588149149202356,0,0,0
0.8469717676037027,81.9701895975717,96.77916660412107,15,5,1
1.173791244388326,115.65982489026777,98.534420067461,17,3,1
2.033388390488288,2.032476654475712,0.9995467017103545,0,0,0
2.3524606151700254,0.30263508844959425,0.12864564024648667,0,0,0
2.5962152169596804,60.49024635932202,23.299306225119928,15,3,1
4.751352832366724,80.7113915275626,16.986998125621795,20,1,1
1.1215613611077924,45.35813739376894,40.441597357628716,16,8,1
2.564836785492814,60.764185971812395,23.69115625756065,9,2,1
2.141691212515805,0.7741040898734314,0.36144355027194003,0,0,0
1.1304272705742744,2.1893820452517643,1.9367567774366943,0,0,0
2.5297873817818424,62.77728654467593,24.815144088914842,20,6,1
1.5170357296196018,49.15496496909935,32.40176878611624,22,3,1
3.6796697480941725,30.41481033201284,8.265613426756955,11,7,1
0.8541393167320582,1.2936799727287813,1.5145829275826739,0,0,0
2.9619982416260626,2.4391650197377834,0.8234835357509834,0,0,0
0.9569056259511071,84.70587554317409,88.519691021852,9,7,1
2.0209548713800958,137.96262064361676,68.26571930931364,10,6,1
0.9784194902585026,147.96349341228213,151.22550463313402,6,3,1
2.0618028736097527,1.9421496646566514,0.9419621390065341,0,0,0
1.648505670388515,0.5406250837597187,0.3279465845977106,0,0,0
1.7967086496039006,26.424671395212197,14.707183788089305,4,9,1
2.3955792268049607,2.5478162426631172,1.063544707145467,0,0,0
1.7738796715301974,0.2355911241577368,0.13281047177782515,0,0,0
1.4805461663773891,2.1573806126242094,1.4571420265013437,0,0,0
4.443561422288887,76.03194889576127,17.110549526533134,9,7,1
2.1597041160076036,1.0744853508696202,0.49751276935481087,0,0,0
4.0327243660660415,51.06731044937864,12.663197179335949,21,4,1
0.28859468259173227,127.30488860715849,441.10472312484035,18,9,1
1.5081496113929926,52.013470764047995,34.488041166946786,10,1,1
4.900456954921484,26.965451591193403,5.502629002346869,22,1,1
2.1355014688678198,110.67740300605888,51.827117119036835,18,2,1
1.3265362768505176,2.566292966398518,1.9345672376326013,0,0,0
2.7648869475547078,0.8819471625374209,0.31898012087481975,0,0,0
1.9980825214152922,0.9471045336944489,0.47400434341428505,1,0,0
4.296634655372255,114.54535122414063,26.659256329452404,12,5,1
0.7376562227273873,129.67769804035498,175.79454507337368,21,8,1
3.8203103520778336,78.6579170894023,20.58935111203987,4,6,1
0.8946110534552956,124.51612538418331,139.18309311329594,7,9,1
2.836488768072525,116.02871251286366,40.90561004957115,11,3,1
1.1824301957250862,0.8045358445157695,0.6804029898716515,0,0,0
1.5694290602730954,53.154456803451566,33.86844264867618,17,9,1
2.599923687869009,2.718103135458718,1.0454509467457092,0,0,0
0.845552511178411,58.22513961954747,68.85965123785171,5,4,1
2.3716855765642397,146.8333193565161,61.91069410738895,18,5,1
2.0681428743504378,1.2219519715973814,0.5908421890626292,0,0,0
1.726207191966165,86.81401933572884,50.291481129815125,3,8,1
1.2532848018558587,3.1187812814071636,2.488465823674464,0,0,0
4.780440519273488,34.20863951247634,7.155944690684764,16,5,1
3.535833290329467,56.63326991529472,16.01690608579479,4,4,1
1.201107983685074,1.929914321795904,1.6067649872952998,0,0,0
4.490281007439827,134.31695866919054,29.912751411132344,6,4,1
3.525445753423562,132.58062598144323,37.60666286981321,17,8,1
1.8696529334851597,0.5195976550608251,0.2779098016840207,0,0,0
2.4150502719066416,1.111387145927555,0.46019023162934863,0,0,0
1.395472129049709,1.654705677085516,1.185759131299182,0,0,0
2.0380994349997623,44.98109540821363,22.070009900238198,3,1,1
1.2308175959603969,127.65395536745483,103.7139204437875,12,1,1
1.6524423327877555,51.28547525181656,31.035978608409135,20,4,1
1.3366305660613702,82.84149960472351,61.977394453042464,22,5,1
1.2510566101078462,82.03422483624722,65.57142855021571,12,1,1
2.568296347398885,1.082458215984461,0.421467718241925,0,0,0
0.7460598199071287,33.73474435520515,45.21660500810029,15,7,1
0.8075863768221695,3.0968761053588354,3.8346830102740284,1,0,0
0.7440200250106296,1.0971769679446008,1.4746407148406762,0,0,0
0.30635902700295514,0.31392353709973053,1.0246582044231989,0,0,0
1.140275023709339,2.5937553438064658,2.274655274668958,0,0,0
1.61463126491105,15.244624572348974,9.441493230503307,23,8,1
4.972582331653084,90.00831588212439,18.100883780312255,9,1,1
4.5942890298479915,31.95771497524078,6.955950138991747,22,1,1
0.9243948694897984,0.5148679252990488,0.5569723205625442,0,0,0
4.961784674137254,28.882430168661248,5.820964402095752,6,9,1
3.4438958515651183,90.58422735289281,26.302759499573973,12,3,1
1.1825970172112836,0.9393084867450167,0.7942693329860401,0,0,0
2.048509390351618,71.41433954337731,34.861441819752265,7,7,1
4.509910902916411,32.34961523995572,7.172989490577614,21,5,1
4.074855916766002,77.05042183812213,18.908701147956506,20,9,1
4.755083191831525,141.9164555969219,29.84514706056892,22,5,1
3.222428728927459,148.23335141945867,46.00036304454296,5,1,1
0.8686346421425116,0.16492937919582973,0.18986979392289982,0,0,0
4.788176207688894,114.10465846617186,23.830455524670704,3,8,1
2.452258932807066,2.0714595922075585,0.8447114280554857,0,0,0
2.7852002521001764,48.8098592367365,17.52465875778377,24,8,1
4.067585082454976,96.33903408258837,23.68451926253275,23,9,1
0.3149057254671145,1.2639536782461513,4.013625157560261,0,0,0
2.398998529361157,0.31404230957525914,0.13090504086656454,0,0,0
1.22478749077278,54.34427624578725,44.370009454786675,14,9,1
1.2919562761714993,79.20878293161496,61.30870781421276,17,3,1
0.6703957722071868,0.8361982460250903,1.247301680103473,0,0,0
0.46559545838406124,41.7476501461829,89.66314589840302,14,9,1
1.75119434742862,2.0240474874562104,1.1558031422364954,0,0,0
2.7117739966411993,30.760966873787396,11.343442881840058,13,6,1
2.9065617530804797,84.7199861568809,29.147736011365243,21,8,1
4.900880116754685,56.026618391283215,11.431927069685747,7,2,1
1.5783308645006175,82.59921232946678,52.332936558416314,13,4,1
0.7474414289859141,61.93568509830303,82.86248804465156,12,1,1
1.5908767833986532,1.0562516726174005,0.6639389324492987,0,0,0
2.050838683205804,2.569712331293254,1.252999478867638,0,0,0
4.433831292836953,74.99316555362893,16.913813688997703,15,9,1
3.539851111163745,143.40014713179596,40.51010551785534,5,1,1
1.2813600202172137,1.7162687665685978,1.339401374692426,0,0,0
1.686093740357883,1.572778605886981,0.9327887532905607,0,0,0
1.833909938552147,2.9578101285716625,1.6128349261019597,0,0,0
1.7065804409590797,1.757133579384557,1.0296164429451935,0,0,0
1.472963412187562,2.7490969189267593,1.866358819636794,0,0,0
1.3631916129575057,2.635286070142567,1.9331594425165306,0,0,0
2.356273205119494,2.4586391258854237,1.043439566408461,0,0,0
1.678600174139531,0.8245964553139071,0.4912376131263483,0,0,0
3.4011458560842094,46.59380366642807,13.699402684848458,15,2,1
1.031377427647578,22.345367246274023,21.665347712488664,7,4,1
2.804229739043101,147.0899929407319,52.452716824747604,5,3,1
1.9898072441704535,34.65161382748683,17.41447056457335,20,2,1
1.1395809418311935,126.61022785774063,111.10146914145555,7,9,1
0.5630257464058375,92.90364610546986,165.00488059332685,16,8,1
1.926989184233262,69.78463244703667,36.21414737381087,17,6,1
0.13515024646729049,0.8477245185585786,6.27199595084885,1,0,0
0.266955289721175,103.7110432732719,388.48137666731964,22,5,1
1.586257681433962,2.5998512134218026,1.63897382758979,0,0,0
4.816000506475983,89.10848508330666,18.5025520528837,18,9,1
3.5621833540369177,69.24481691122884,19.43881480570277,17,4,1
1.268497455397941,50.262023121978245,39.62296233112059,11,3,1
1.679210441498559,0.5956272664359683,0.35470463062278024,0,0,0
3.9711996893333894,105.92476622032997,26.67317379508877,19,3,1
1.5864291894920646,94.05656265833348,59.28784619122266,20,9,1
1.9610297521658189,2.1815853608683415,1.1124636093985074,0,0,0
1.166001749845614,53.43104291282038,45.82376028362915,16,8,1
2.682166068113214,137.59129775308037,51.298383946088016,6,9,1
2.380400541805101,0.3771741071680045,0.15844918367820185,0,0,0
0.26368899613220015,88.95456393784835,337.3337223219946,9,3,1
0.6821140057374369,36.00469379197606,52.78320875549861,4,6,1
2.750387804831244,123.75341156956654,44.994731799227736,12,7,1
1.6441656328633025,1.849691422117218,1.1249962504893796,0,0,0
2.821736372072078,0.6616681650552567,0.23448888660017217,0,0,0
1.0723092452270575,0.3077512670287509,0.2869959374491934,1,0,0
0.12164310720993628,1.4103285209380199,11.593033283598928,0,0,0
1.087752083085746,0.32230685542771814,0.29630271218261556,0,0,0
3.1172612899684378,69.63529303443798,22.338541165322518,24,3,1
0.7670256281343388,0.4737573459095643,0.6176471190287269,0,0,0
2.743497423458918,67.87620553229911,24.740667713128754,23,8,1
0.8948076090923539,2.6019198019867793,2.9077655329402843,0,0,0
3.589078950262548,81.21134515017094,22.627286833955505,17,5,1
0.9697654233702555,2.4038989160679707,2.4788202073772023,0,0,0
2.900636460163464,33.186623667412974,11.441112911617212,16,4,1
1.942437705454131,0.7091095975642545,0.36505981374590957,0,0,0
3.701681257150986,61.88383493061107,16.717719180675292,24,2,1
2.347053230012483,145.34491896169345,61.92629031171027,6,1,1
0.3837190658879043,1.6240092128621804,4.232176702863028,0,0,0
2.8285524917216924,0.4854721084356981,0.1716320957576583,0,0,0
1.283334437074065,17.825823981429924,13.890132271949959,13,9,1
0.6386259088150383,1.2547776878157444,1.9647778499394606,0,0,0
1.7338465170666564,2.036303549155048,1.174436021153626,0,0,0
4.103119944146307,144.30707935916234,35.16999981076318,9,8,1
1.8310410025853028,3.1986288800763596,1.7468813678920698,0,0,0
1.286629503629617,1.1210757348364349,0.8713207791878566,0,0,0
1.51991093994571,2.0987102705881377,1.3808022611117532,0,0,0
1.7147236611292156,3.002079799898421,1.7507557400613691,0,0,0
1.4297038303423446,1.850230980693737,1.294126797563887,0,0,0
1.3566063789501464,107.349569666078,79.13038006304576,20,2,1
2.5114031660254486,2.94703238045283,1.1734558137706947,0,0,0
2.0614470968309,2.206862865424945,1.070535432834173,0,0,0
0.8886542057730299,2.454134613495688,2.7615994855569648,0,0,0
2.4577835234473593,144.09320404240506,58.62705824055412,15,6,1
0.42858016370964613,1.351163107320933,3.152576101201183,0,0,0
2.2317060270312687,2.590790884193031,1.1608963025817491,0,0,0
1.4877322727666153,2.9794646045212536,2.0026752341859733,0,0,0
3.943129642991089,120.82991268415482,30.643072176997176,22,4,1
2.3837637288415987,78.55597459671549,32.954459412928415,13,3,1
0.677724297192754,2.8596665081721406,4.21945077889252,0,0,0
1.636864527126451,144.569622538453,88.32052802009592,19,8,1
0.9001758137035858,2.4826021258309265,2.7578774160158015,0,0,0
1.5135504749235895,2.8731119033716834,1.898247180058484,0,0,0
2.098347565681137,58.51569184092739,27.886425458633838,14,7,1
2.8414185112790222,51.621259175228865,18.16736158249936,14,9,1
2.615153182783427,2.295925227816608,0.8779280937157271,0,0,0
2.3537260561895668,1.831053174180996,0.7779347940759612,0,0,0
3.5577337779323455,70.6223947584736,19.85033188632747,22,1,1
2.5213468965137706,3.1215408477505098,1.2380400617090748,0,0,0
2.8780429937857988,1.7774528571244188,0.6175886479374212,0,0,0
4.217637419854963,65.39757985940203,15.505701010363483,10,2,1
1.783115882510533,102.79935066688518,57.651202124972755,12,4,1
0.5132370744143884,1.6465532756992038,3.2081103970790497,0,0,0
1.6790183840864636,0.11785184754417688,0.07019050342516898,0,0,0
0.7394623639633766,0.776443357111734,1.0499964501042374,0,0,0
1.5330350683547485,40.365143286789404,26.330043467090597,23,4,1
1.7681073081523921,74.01822669062392,41.862735209560185,16,6,1
0.8240399629466674,0.9160667742058347,1.1116641167364785,0,0,0
2.4203989899810203,0.849142654539474,0.3508261033793849,0,0,0
4.23879889292168,102.4053347064185,24.158988360485786,4,3,1
1.5855982528422101,141.6283618370321,89.32115582973448,6,2,1
4.797532754303644,69.58217821466744,14.50371195801197,14,4,1
2.3674257095236375,70.08271232348595,29.602794298303294,17,9,1
2.8615656421467794,1.752471399293605,0.6124148435855727,0,0,0
0.3289242685450111,1.4726742232855863,4.477107933447399,0,0,0
4.4169475961943485,55.74767922054084,12.621284675355058,13,6,1
3.677054508790614,40.58999365248697,11.038695012135376,20,2,1
2.7675812875970056,1.17367258253448,0.4240772789661205,0,0,0
1.2800330860963247,2.7993356960455036,2.1869073990177,0,0,0
2.310347523483992,75.24870024403742,32.570153960657684,18,7,1
1.2232353021284108,0.3051120853867654,0.24942837291578338,0,0,0
2.2945793664970418,1.710096164462206,0.745273289169324,0,0,0
2.0942195355489535,65.28330675313462,31.172947208015632,10,1,1
0.7428787492343478,36.104744183033205,48.6004724398428,22,9,1
3.199722920515496,28.03947213676185,8.763066428758226,23,5,1
4.962042497738336,32.59747676149689,6.569353463381245,17,8,1
2.4509823539790165,3.039945613645649,1.240291757218462,0,0,0
3.129976931650741,113.64072165238325,36.307091414100455,19,3,1
3.790033526294803,41.58602080451749,10.97243884298409,19,6,1
0.3044266423651195,0.6755047851938534,2.2188682017577284,0,0,0
0.30464936746124655,2.0914997624395784,6.865043342892197,0,0,0
1.00743144321958,0.9403983866686039,0.9334521554555866,0,0,0
0.2483414471949592,52.09668569694297,209.7700105449612,5,3,1
2.8871039206614197,0.5608544560346502,0.19426128356797295,0,0,0
2.753278292253399,53.409114565229956,19.398300830138584,8,7,1
0.57275543006317,0.8248197825884988,1.4400655823406274,0,0,0
4.585614067725053,78.48833139553696,17.11617224533527,17,3,1
1.6152795251482066,0.26936670200301416,0.16676063195438545,1,0,0
2.7024522231326005,0.4700811351484101,0.17394549723011793,0,0,0
1.8569793489909643,40.09673106009605,21.592332277987207,19,4,1
0.9746019226332995,0.6837378272430299,0.7015488025178697,0,0,0
2.463721139557243,110.9833720975972,45.04686827051348,24,9,1
2.276356472016083,49.47435958024049,21.733916831248663,4,7,1
2.763373343382352,133.72746362410547,48.39265748067529,3,6,1
1.435564542095006,2.710195513959191,1.887882122793893,0,0,0
1.4877785620533086,94.75861202491863,63.69091310538208,24,8,1
1.791591019734193,2.8414646267109913,1.58599185611792,0,0,0
0.872309884922895,62.01707307403085,71.09441633273393,13,4,1
1.1871246806187419,0.9857074674737683,0.8303248852607115,0,0,0
1.9837124195951892,2.790798734874779,1.4068494197107912,0,0,0
3.1916360464310305,104.95121862231946,32.88310078734396,17,2,1
0.7264911771399094,3.0985406901479227,4.265018127494661,0,0,0
2.7334981198189796,84.88002683372558,31.051682714352633,12,1,1
1.9100318327624888,1.3691761217928455,0.7168304370656686,0,0,0
2.5981683775940576,56.203961567395986,21.63206423857683,13,1,1
3.909171893822778,37.732015270912356,9.652151344130555,3,2,1
2.487149107298366,58.970490236744865,23.709979013284983,15,1,1
2.4581118129970037,1.9241368454057022,0.7827670847034819,0,0,0
3.6870634087799914,43.00699219978358,11.664262527936508,4,8,1
1.0613371403880947,18.43179249923586,17.36641273890468,3,6,1
1.260615599964049,2.528223747163748,2.0055310214514512,0,0,0
1.277995436738725,82.52672129557601,64.57462458545686,23,7,1
0.2806462145771818,1.6792085972643482,5.983151307709802,1,0,0
2.5044326827522227,81.33998056341024,32.47827595480156,19,9,1
4.552363388348258,149.68279568068894,32.8801666541238,11,8,1
3.2216495463327184,80.97533273286626,25.13466478015722,11,7,1
2.297552025087958,0.9739469023514801,0.42390450909119387,0,0,0
1.0365376568065314,98.95406512520313,95.46504154962612,9,9,1
2.515496175165261,1.7749192485499525,0.70559129056137,0,0,0
2.589396980344734,1.429881484862557,0.5522042288895789,0,0,0
1.7208557295215838,112.8875717381832,65.59929098568716,18,1,1
3.9754348945520497,146.47349855089135,36.84455512177232,3,9,1
1.403114251914962,1.9161808442059096,1.3656530001464489,0,0,0
2.9936804814777367,2.1981460264579264,0.7342596170372576,0,0,0
0.8181317649071722,1.1789610619796935,1.441022952927309,0,0,0
0.4186030298482706,2.8394202998327684,6.782923839857392,0,0,0
1.7697981662546982,2.0999652582328006,1.1865496488677567,0,0,0
2.8935255040253893,79.16510496613952,27.35929967197834,22,6,1
2.7841486874296515,1.4976020513528097,0.5379011110661235,0,0,0
0.8153687071127067,2.352031316850315,2.8845876110488162,1,0,0
1.0633003139790242,2.272506095805395,2.137199334878477,0,0,0
1.3573900986345817,0.3871389974592383,0.2852062541093552,0,0,0
3.3497743057933116,78.67452967599664,23.486446437739986,22,2,1
1.7380392864615877,0.3036967822278923,0.1747342751402489,0,0,0
0.2466620010902637,1.4209758376519155,5.760588276623837,0,0,0
4.419729074686231,124.72217519511653,28.219352565280317,15,2,1
0.7028701399234792,0.18224983200884112,0.25929005766001895,0,0,0
0.9982961610035954,110.22637555240134,110.41339807178086,17,7,1
0.7883991512344783,140.2711171669979,177.91665272703094,18,3,1
3.2692382728475406,75.41371036765588,23.067599666259042,5,1,1
0.24025186204146454,2.643511511888852,11.002626423633698,0,0,0
1.30478470171706,0.17441563901915547,0.13367285963809566,0,0,0
4.724526608761547,125.42794409542272,26.54820027488398,19,3,1
2.8503719694608596,116.63029852198932,40.91742782952334,22,6,1
0.33858974040347944,1.5247105773622316,4.502988028122433,0,0,0
1.1127077663767166,2.3504626044977424,2.112361890429258,0,0,0
3.9304923653101262,53.52971419088361,13.61905151446461,18,4,1
1.7610338023921428,2.6404366246967625,1.4993588581442903,0,0,0
1.97001455166471,1.3249058135956602,0.6725326405074943,0,0,0
1.0833969671429444,54.950057112338925,50.7196822420737,14,8,1
4.217236783564601,18.730297435550636,4.441356742163182,5,1,1
1.3422202216496542,0.18403062224232264,0.13710809015769418,0,0,0
2.571256018876667,30.992330187755048,12.053334800922293,6,9,1
1.8241657564410358,141.29560807244573,77.45723380740091,18,9,1
0.6890804190634534,17.149236080477813,24.886771904020137,20,2,1
1.0386697855723066,1.418852959710892,1.3660157629130254,0,0,0
2.318161458472172,2.6202557900198897,1.1303114704668182,0,0,0
1.007535579720761,40.641190394237704,40.336825660533705,6,8,1
3.3954340892342745,43.85493537825147,12.915817261518047,13,8,1
2.4915748011829324,1.1782085444967987,0.47287515317055206,0,0,0
1.365031936633199,148.87586213227655,109.06321493643681,18,9,1
1.0065342722340704,1.373116162331877,1.364188541140057,0,0,0
3.539075616537959,141.61474177280928,40.01450010450471,20,4,1
3.7292058382726085,122.64046876274496,32.88639598279531,8,4,1
0.9896521386142094,1.1941713607023055,1.2066454945669272,0,0,0
0.7864893799761155,2.046894440165565,2.602537894216427,0,0,0
2.556209677200475,2.8685796361057863,1.1221960544671974,0,0,0
2.6919825899577945,55.23777219229928,20.51928835107429,12,9,1
2.6001700900698066,2.6094998316471223,1.0035842677254965,0,0,0
1.5520609014777198,79.89046516118536,51.473463670456034,4,9,1
1.1393972078661816,18.759719973672027,16.464456117321028,8,8,1
1.1543769453751038,83.63480684702465,72.44954318142305,24,9,1
0.13509903865071154,0.12801925414580576,0.9475254610963924,0,0,0
1.7914319377064147,0.13503786342596968,0.07537942513440253,0,0,0
3.4561284309579294,53.63514330235808,15.51880642914299,12,3,1
0.7051611107727314,118.80831306651845,168.48153767434897,19,7,1
2.0834340844770622,69.70404164540261,33.45616144188391,22,2,1
1.2725244275024472,1.427418806269406,1.121713311184,0,0,0
0.3829675769047597,80.89309714283168,211.22149708244794,22,6,1
1.0481016873804294,0.5615529560305785,0.5357758746437427,0,0,0
1.1078045064098885,0.25608353360499503,0.23116102210548664,0,0,0
1.2701003120159515,0.5154472081969863,0.40582869324071175,0,0,0
4.105355484707452,19.82844280701626,4.829884910582872,23,1,1
3.1351752930521557,108.96423994353034,34.75527911699656,24,7,1
1.7314108633894754,145.81066138111046,84.21445326450996,14,2,1
1.7506987430753402,2.7907368428657993,1.5940611788820558,0,0,0
1.4957060585357873,2.609992612424257,1.7449786659235824,1,0,0
2.701286339156792,2.722985052643718,1.008029001917537,0,0,0
1.484316154554964,1.1875392389385484,0.8000527615135912,0,0,0
0.45202061266227866,2.0065402009204867,4.438947594948871,0,0,0
1.8493178800885626,0.3471167268805835,0.1876988556858616,0,0,0
3.6883547131007344,142.48485182601937,38.63090093014018,18,1,1
1.6288338348456595,104.0680914611663,63.890772850564424,11,6,1
2.253634739009854,59.63544890603817,26.46177894579746,21,2,1
1.7529435880550668,130.64815713385212,74.53030018827171,20,3,1
0.466322921925971,53.41298238672758,114.53830487911966,4,2,1
1.059652820762566,0.8696911868556225,0.8207244510378933,1,0,0
1.6303332163502697,3.1781908679698314,1.9493998785633708,0,0,0
2.1800594400106936,1.9044174064850932,0.873558140641498,0,0,0
2.304838480155056,97.4881605581598,42.29699322864009,23,8,1
0.4486009644496711,0.9233067821716788,2.0581458219692332,0,0,0
2.3248460379002682,1.3459858321886509,0.5789544858890704,0,0,0
2.497889826820984,1.7266804767504398,0.6912528910128248,0,0,0
0.512645606931013,73.61951048273636,143.60422374672905,14,4,1
0.7625187498607663,3.1886351397759003,4.181658908412474,1,0,0
3.472043112123553,42.88953014329995,12.352786307772854,14,9,1
2.6883175408690536,1.4744780445754821,0.5484741059859204,0,0,0
0.734437954391551,1.1112835716408878,1.5130868906313777,0,0,0
4.050454877717466,142.83096342117568,35.26285691475107,19,1,1
1.6245015286777889,0.6322057861297409,0.3891666971697649,0,0,0
0.35846085313644815,2.4413383035401046,6.810423447763087,0,0,0
4.184156881414759,21.65194323367415,5.174732233995685,11,1,1
2.0841257524055705,54.336892112798836,26.071666421000458,6,6,1
2.3144568030633064,0.5343508448760029,0.2308742748734889,0,0,0
1.4454009927557652,2.918582638170837,2.01920606166581,0,0,0
1.2750717134684562,1.9477351459807064,1.527537510268663,0,0,0
1.2073504509397814,95.87840888887158,79.41158650197796,15,7,1
2.5109831917185583,1.9568333753493528,0.7793065237305836,0,0,0
0.60031924314445,1.8607203216798498,3.0994997210757687,0,0,0
3.8528287181578658,111.25692940133501,28.87661216572533,19,7,1
4.228198174589403,19.31925211948384,4.569134565225117,11,8,1
0.7682083201403147,0.1045688484675654,0.13611866018564353,0,0,0
1.376442231844844,0.47831852801881436,0.3475010007268681,0,0,0
1.008708960996915,2.5456906625056224,2.5236867362835342,0,0,0
0.9388098387206981,2.8902578673510906,3.0786075753251647,0,0,0
1.7452054369238204,0.8953446294742277,0.5130281399827602,1,0,0
2.5584756332901692,132.78284563990275,51.89899990532534,15,8,1
0.8952240868111431,3.1503307086754675,3.519002186229372,0,0,0
3.934133731857541,128.58086206581652,32.683315819045056,4,2,1
1.74090332611744,45.36825592339957,26.060031388569588,17,7,1
0.7071130376764598,1.2484635186532842,1.7655534498714942,0,0,0
2.314894947484039,130.68826753236738,56.45513336277858,19,2,1
0.8169701157692134,2.7993246939447856,3.426429407414806,0,0,0
4.418879448571068,127.50782740412156,28.855174787265533,15,3,1
0.2612740472859073,132.65950062186346,507.7213936322036,5,2,1
4.0904791356145855,146.82776644221167,35.89491661616434,18,8,1
1.7196706899707312,105.61491010675289,61.41541899185391,21,5,1
2.2575911570695273,32.106219256622246,14.221386783083346,12,2,1
1.7841923972614115,2.399220799874652,1.3447021501356784,0,0,0
2.8044434552472866,1.8845622842920011,0.6719891466787874,0,0,0
0.5049714676348092,68.49339182021481,135.63545636836645,11,6,1
2.144005273220232,140.75849495938024,65.65181541266082,15,5,1
1.7060264980658912,1.0471253630398731,0.6137766479363037,0,0,0
0.528088231282718,16.700002710111796,31.62290975591515,15,9,1
0.6221744401698992,110.1709950639728,177.0712797541008,4,5,1
1.18843190274174,2.042935380481227,1.7190031551127296,0,0,0
2.306873204081472,0.20946520031474114,0.0908000890310108,0,0,0
0.5344297492332213,74.47043543785978,139.3429952482109,23,9,1
2.634281224931294,1.9519806167279559,0.7409889226575038,0,0,0
4.316420843659528,22.909769840868282,5.307572545618517,5,9,1
0.7731230819663053,120.71832129377025,156.14170976456987,21,6,1
2.4701854054183867,2.9842351025249094,1.2080967748458173,0,0,0
2.1371484145779016,1.834910918809434,0.8585750622383493,0,0,0
3.985192472520661,110.58321083971809,27.748454840683074,18,6,1
2.1183251976717243,1.3677541276842367,0.6456740789595262,0,0,0
1.3804384539827934,2.8518829665507295,2.0659105077937787,0,0,0
3.7829702185141474,135.62384613809792,35.851058769576994,6,6,1
2.9062562773358924,43.43528250703063,14.945389844610782,11,1,1
3.9501951075473225,17.619168158459082,4.460317294612279,13,9,1
2.23450266123559,1.0920499505709145,0.4887195179136097,0,0,0
1.551556572106545,25.475403566780116,16.41914953877386,13,6,1
2.1730043140204667,118.05774158958356,54.329021593583306,22,4,1
0.29413055587641723,105.63468120106742,359.1299434595809,22,6,1
4.71312412578987,108.54273546169091,23.029842258838823,6,4,1
2.6049899065985094,1.3609986205732163,0.5224563030216559,0,0,0
1.021291896384329,132.8893381533758,130.11758680155023,24,1,1
3.537315838133201,61.42023269824821,17.36346480613228,11,8,1
2.040709388360204,35.55080887877702,17.420723829817412,11,4,1
1.602223392573412,0.5350060063998965,0.3339126552222218,0,0,0
3.285327440287352,94.33744130332646,28.714688526812402,5,1,1
2.870470590861392,2.539400497391415,0.8846603964074794,0,0,0
3.1610517596519174,83.71529477745966,26.48328351125858,5,3,1
2.2526474713121467,0.6202252465026887,0.27533047274222955,0,0,0
4.363302267753718,46.53721932489198,10.665571581666756,11,2,1
1.1941240730034057,0.16222071311095176,0.1358479895837367,0,0,0
0.4320141503911248,1.2899005374394366,2.985713961295103,0,0,0
0.35828932967644833,130.00487763350174,362.83874086758357,23,6,1
0.8793017717598086,134.1334763173233,152.54370591317752,13,1,1
3.3951224030046068,81.61979973983848,24.040240571356513,22,2,1
2.184671667785449,77.34005103036614,35.40106193538192,11,8,1
2.9412471796856705,16.21481873323953,5.512887089653408,22,2,1
2.2712389752686835,46.0389800663204,20.270336087162832,7,2,1
0.3127557956328477,2.1557533718231476,6.892548360223387,0,0,0
1.4372250350149263,45.56799668683274,31.705319990588386,15,2,1
3.9856948603108355,62.444625918542265,15.667147495128969,24,3,1
4.7591801863345555,89.90148252794634,18.89007982620398,14,5,1
0.6689754132851597,98.15082095670027,146.71593581497538,19,6,1
1.1453760649105063,2.180939558210311,1.9041086887858345,0,0,0
4.295243898837442,93.4783376628822,21.763169271130433,3,9,1
1.0720720007731126,2.5888456906538355,2.4147832803712177,0,0,0
0.7503809974356234,2.3077555861773615,3.0754041480559553,0,0,0
1.5726346854804594,1.3997421496146683,0.8900561980324452,0,0,0
1.9346034900884497,2.989287127081054,1.545159869088055,0,0,0
0.4976181466140972,1.7594614075030344,3.5356951158702623,0,0,0
2.2153740361774727,97.79325182365632,44.14279882254337,22,8,1
4.909429739415444,117.46878648691238,23.927126662501642,17,5,1
0.947245402601482,100.10693600280463,105.68103990526453,14,6,1
4.892635215442267,15.627005216473485,3.1939788250231618,9,2,1
3.7203288768075473,132.62239339635622,35.64793363935722,24,2,1
2.6879548305911527,77.34387501087252,28.77413950161789,22,9,1
2.189324550241993,0.9736575102159633,0.4447276046085978,0,0,0
3.5899159929525535,120.65796098108835,33.610152749096805,21,6,1
1.7431552508258428,2.1367945445257326,1.225812953484131,0,0,0
1.8605727046574643,1.7947619794136171,0.9646235961029398,0,0,0
1.5380396317284355,0.35124326931370864,0.22836926849947428,0,0,0
2.8881081969619435,2.205403961790645,0.7636127787673453,0,0,0
1.1958533026826104,137.2897759333374,114.80390411292265,19,9,1
1.4082772024137402,2.3279677245156676,1.6530489807232762,0,0,0
1.8073133647951094,77.67596673860186,42.97845546162556,22,7,1
2.6693354698849427,2.009175883365144,0.7526848457917086,0,0,0
4.219184738878597,17.10094374492666,4.053129756573373,11,7,1
0.8242581197651301,1.1641540160997899,1.4123487105524695,0,0,0
1.927716936422858,0.8699891871039434,0.45130312321013616,0,0,0
1.4323956283773613,2.5335512858948763,1.7687387117885736,0,0,0
1.2919825624394436,2.7035700388868333,2.092558515803028,0,0,0
1.1089098928671923,88.96255943602466,80.2245139691791,11,8,1
2.110663235258901,84.34050683036789,39.95905449571991,22,7,1
1.9311148715332915,1.7507626058895438,0.9066024842295454,0,0,0
3.3352985079575,62.122077302309435,18.625586554915785,20,2,1
3.303714736828608,51.71048755676078,15.652177973640736,6,2,1
0.8006437016637127,2.211974542650545,2.7627106925930502,0,0,0
2.2879240600182222,90.42766010869457,39.52371778930305,10,1,1
0.9883091464568167,2.5458539957544595,2.5759432111393354,0,0,0
3.259476081791837,133.97886007776847,41.10428966891501,21,2,1
1.2922691069521999,0.8264077035166331,0.6394962969460134,0,0,0
2.706207168474449,69.20813463071313,25.573754921423102,10,2,1
2.7287223970419845,22.70837559009881,8.321950373263157,13,3,1
1.7676756630305626,0.7411354687135284,0.4192688124442374,0,0,0
2.135040994244046,1.8250403757813485,0.8547994313491972,0,0,0
2.317765290622076,111.72429545669253,48.20324727282188,7,5,1
4.88471897308376,59.713864974121385,12.22460146779109,10,7,1
2.5737274208553442,1.0127915654157158,0.39351005942134115,0,0,0
1.0241311670167579,28.84216264520694,28.16229204927078,8,5,1
1.227164140099498,0.9411819984990774,0.7669506451812677,0,0,0
0.24694102546765695,25.141592870858744,101.80801162192998,6,3,1
0.5038368052756416,0.13321742285561275,0.2644006500800039,0,0,0
0.9784996263572447,1.1084149154713965,1.1327583149056568,0,0,0
1.7217325821285285,1.6957008006460177,0.984874753198985,0,0,0
3.3241586972198753,41.85037989663235,12.589728051898618,21,7,1
2.907390854947201,0.3063506565340909,0.10536925309518569,0,0,0
0.5031705351878687,138.32398052221757,274.8993072050623,14,3,1
0.7147827586261083,2.1377957947273987,2.990791063463516,0,0,0
4.815689722759418,118.90169212429335,24.690429007098086,20,4,1
2.7050005297931694,100.98717143243509,37.33337460987879,5,2,1
1.6930001842735227,58.20148354835356,34.37751532093,19,2,1
2.434229652840172,0.15582032236140897,0.06401190703618855,1,0,0
0.6360313540463723,0.28472000179474555,0.44764385205995155,0,0,0
3.4193747559002903,96.34099516690921,28.174950186775217,18,3,1
3.7692291513018845,60.7750100450398,16.123946400176884,6,7,1
3.488966978095357,147.55611390475815,42.29208585529546,14,1,1
2.5564763982533085,0.1731443904011403,0.06772748351778414,0,0,0
3.4494884110929367,82.12751446388687,23.808538134060377,17,7,1
3.868372261855096,87.848139831248,22.70927066786831,6,8,1
2.2873684227063658,2.947121939650767,1.2884277959410888,1,0,0
3.4185944312292365,57.97752298836147,16.95941257746347,7,5,1
1.1570279312510094,56.53343679310543,48.86048699542676,10,7,1
2.482747003360368,1.5237221112369632,0.6137218057081834,0,0,0
0.24965886306895976,99.53349996217578,398.66204675544236,6,2,1
1.987823054737767,1.790838795161407,0.9008999980622883,0,0,0
4.210570406087201,68.88412424768345,16.35976934393611,16,6,1
4.177602288961251,126.08988921962278,30.182286075899736,9,9,1
4.360577055150837,68.22326060348024,15.645430246116332,14,7,1
1.307862852521249,2.6487576491309124,2.025240942974522,0,0,0
2.0549778570545825,0.9057054356527818,0.44073517638733445,0,0,0
1.0277426670745238,93.25038185724546,90.73231804173342,17,8,1
4.408869315939738,88.37842847767467,20.04555401599536,14,3,1
2.010281152308364,1.750104815449509,0.8705728090380888,0,0,0
2.0814192820399726,1.6412417684261247,0.7885167094495625,0,0,0
3.9821164192299205,45.75883039032758,11.491054168786688,9,9,1
1.8430749671720945,74.44748947558907,40.39286891358909,24,3,1
1.412074596784811,0.5366567631773795,0.3800457595807634,0,0,0
2.5839579488689877,2.2736265709298054,0.8798973578309979,0,0,0
0.3041604573225998,100.2103905381096,329.45471240103893,16,6,1
1.4657847320607271,2.151932261174736,1.468099328034413,0,0,0
1.4334212289310286,0.28030776606697494,0.19555020178820332,1,0,0
0.33254159475512857,1.5782005209726857,4.745731326697681,0,0,0
2.9137456182055654,1.4567501172594308,0.49995617620003746,0,0,0
4.0854714061540855,145.66108975099115,35.653347860444896,16,9,1
2.5901532443948665,56.85459324168076,21.95019690929309,11,1,1
2.4244576244606697,3.074687597395204,1.2681908252246419,0,0,0
1.7362722683851546,2.73678103684686,1.5762304820357513,0,0,0
1.3550239508378616,2.2248760379878947,1.6419337955423046,0,0,0
2.8167851398959662,0.2619994257866737,0.09301330511254369,0,0,0
1.4416065745440174,2.79164476676598,1.9364682787786174,0,0,0
2.400444195415595,85.59936747171068,35.65965459169726,19,3,1
4.32918949269183,107.86631713967515,24.915995976107244,8,9,1
2.9771068749409015,138.03114518921518,46.36403305192888,5,4,1
2.7020852183555157,38.233480107731395,14.149568027066099,22,3,1
1.3482714255961181,71.05385715238464,52.69957429026322,21,2,1
1.7031631395832123,2.396057101306541,1.4068194510705387,0,0,0
1.4656422012583477,23.77574107045885,16.221952964042895,7,3,1
2.470482757187717,2.446849155565739,0.9904296009153684,0,0,0
1.905386272340617,1.057644940815675,0.5550787288548897,0,0,0
0.15716055948765606,0.42273660415217895,2.6896678711981044,0,0,0
1.0074666892835855,2.761370009109819,2.7408773210161548,0,0,0
2.252200905726618,36.71613962048822,16.302265266157523,20,7,1
0.5351411276125544,1.106495373359186,2.067631583428674,0,0,0
4.022968493781485,88.85350377398969,22.086497333091618,17,2,1
3.466898576571936,121.6465925419275,35.08791473878758,23,1,1
0.40429751741270714,0.8503395491738351,2.1031999469498595,1,0,0
0.9730336257195077,1.6581568521534047,1.7040930214483412,0,0,0
4.507917847018038,131.47645366563773,29.165607376038302,11,5,1
0.4374625538678807,2.634094096322694,6.021164237695712,0,0,0
4.08015051284872,50.55948761403901,12.391543777462562,5,1,1
4.762910583583389,113.50658584237758,23.831299273308638,12,4,1
3.5633819656993677,49.78358386897129,13.970841363560334,23,8,1
1.808527328177331,131.51234307065312,72.71751653762827,10,5,1
2.151708094621259,92.89058691323008,43.17042606344791,12,4,1
1.528450305184563,1.5978606762723724,1.0454054127885442,0,0,0
1.9081654026172779,0.5069927132149551,0.26569502600209466,0,0,0
0.26442999257661254,72.08557060652629,272.59708300605075,15,2,1
0.8269975187676386,47.701814110233975,57.680024700762836,16,7,1
1.340581844290018,82.94151049357889,61.86932349831279,24,5,1
3.685709522538105,128.64642418931044,34.90401898534058,7,1,1
0.32272884011182246,1.199465235453757,3.716519632524448,0,0,0
3.090088784611279,76.4196428480565,24.73048539050824,23,1,1
0.42759505347240767,123.15815294486885,288.0184692504247,9,3,1
1.550048097826278,143.71383634230776,92.71512889990683,19,5,1
2.7164226585811364,105.54818893475111,38.85544101427557,18,9,1
2.51992893328268,0.2742631069256233,0.10883720367316423,0,0,0
2.4747208845093676,1.145724887421873,0.46296948674038185,0,0,0
1.8936517681928002,102.11965973198544,53.9270853154745,9,4,1
2.169457864988778,78.54463493129332,36.20456250994047,3,5,1
4.558567406411464,46.81776043464578,10.27025676229571,15,2,1
0.8358509792857027,105.75815808927554,126.52601414609967,24,4,1
0.9390758227703795,122.15185248100366,130.07528121407026,22,1,1
0.47723394250394613,0.1695202564023709,0.355206721981535,0,0,0
2.840185956793299,28.117232065405343,9.899750754222916,18,7,1
2.3664129571485857,144.39969712535176,61.0202401431001,10,1,1
4.856309777696787,140.0909839041617,28.84714975886593,24,3,1
0.14648165371985705,3.0874240849298524,21.075767844317465,0,0,0
0.7748812731722476,109.49862766454142,141.30837635617738,6,4,1
1.8178159529207505,2.928326371411742,1.6108947981002912,0,0,0
0.3192546177885772,1.2336103196102512,3.863911786263676,0,0,0
2.1868450786524267,51.45789292371002,23.530545497061084,23,9,1
1.70272057655257,1.2537370912653814,0.7363097301064256,0,0,0
2.436572124437832,1.1173563966725972,0.45857530738078184,0,0,0
0.5675417330366128,2.982062722261977,5.254257098831912,0,0,0
2.4686604528663447,0.6630033000454683,0.2685669524158896,0,0,0
2.805482101452049,2.665269591606986,0.9500185690159357,0,0,0
4.986233091960157,119.27548494968337,23.920912548769184,22,8,1
0.5695767192334198,2.1401168759751257,3.757315266857713,1,0,0
0.884621843815175,0.871254545091449,0.9848781175838829,0,0,0
0.6410531707695039,2.8669328953189313,4.4721534882086456,0,0,0
1.305873847253392,1.8006240866695344,1.3788547047708015,0,0,0
3.0150056593990286,50.26809288123362,16.672581027739458,9,4,1
2.48535800447719,3.0443797312049647,1.2249211085524399,0,0,0
0.3982435172566825,0.49046110877601057,1.2315298861752384,1,0,0
2.2360882675806857,75.30297743552975,33.6760591103193,14,1,1
1.6211940278501613,90.81818157184642,56.01897109290937,22,9,1
2.2322563955238173,15.60810493233897,6.992044033649674,23,7,1
0.3477208556439685,98.35747096828487,282.8551719580221,6,3,1
2.860981095253108,2.387576083896281,0.8345276180193968,0,0,0
1.2462520147503575,0.663514488373822,0.5324036843943547,0,0,0
1.0939196837409308,0.5171864280227341,0.47277849363599167,0,0,0
0.5748139778495958,1.0282116868896305,1.7887418175145522,0,0,0
0.6644052842802186,1.240053987719598,1.866383897328591,0,0,0
3.7268445864770174,58.40695619317601,15.671917118823758,22,2,1
1.1665793644928435,0.28008505144908435,0.24008880928795964,0,0,0
2.2784163386444125,0.32012376005309195,0.14050213282012658,0,0,0
1.7061774247638304,3.104837860419207,1.8197519307405379,0,0,0
0.2684424752877784,2.785146051902299,10.374819784830256,0,0,0
3.2056613740376707,53.71742344045287,16.756996327041982,8,9,1
4.76342119998734,95.70243741758246,20.09107162455434,11,7,1
1.2818747899940495,1.3620301162894457,1.0625214737868667,0,0,0
4.982224660377084,129.14941139208145,25.921984851333093,19,9,1
1.5295752178019941,1.1234834459783738,0.7345020289832649,0,0,0
1.3747325311414063,1.682426407173968,1.2238120004748099,0,0,0
1.4211436677713156,2.8620190425411822,2.013870215055254,0,0,0
2.531626318144772,2.5957799873365546,1.0253368419200068,0,0,0
2.426948488605534,2.770395942896104,1.1415094060747202,0,0,0
3.904686926095979,136.26094107698208,34.89667537736903,19,2,1
2.2118274109743927,1.2401277114296851,0.5606776091572504,0,0,0
3.3770746625643215,89.30810237286127,26.445325272078595,12,6,1
1.6580994536373104,2.1990852167959485,1.3262605867012742,0,0,0
4.290309189440056,90.49009379727953,21.091692669395467,18,1,1
2.3194269866231862,142.5729460500388,61.468773186034,17,9,1
4.257618668030786,55.08758795373222,12.938560933546846,6,6,1
2.7374183717180016,2.338644029913308,0.8543215428302083,0,0,0
2.1624495762803275,42.82973163782215,19.80602648373852,3,9,1
0.3753992981622919,1.076247178225577,2.8668634034746474,0,0,0
4.574029528804583,69.50714241457678,15.196008249789296,4,6,1
3.8959629498497796,132.01314030933142,33.88451152219154,8,1,1
0.9380087222710697,1.2688671861052665,1.3527098723927047,0,0,0
1.7110937526682977,1.003219325797008,0.5862995298985151,0,0,0
2.1365504214918265,3.1777322008971183,1.4873121157408253,0,0,0
2.468364094610507,133.44999162834483,54.06392488064186,10,6,1
0.2154116692733924,1.9528152401227232,9.06508266651856,0,0,0
0.5142416979615624,2.245428305775544,4.366399400675149,0,0,0
3.7366645122607958,96.18724310754111,25.741402627371215,15,5,1
2.7223055450819387,1.261638108572867,0.46344300933523597,0,0,0
0.22779099855410603,0.674358236033974,2.9602953468784037,0,0,0
0.18977179366609626,1.3027589558352954,6.864509659590324,0,0,0
2.8736326703030173,135.68631023729796,47.217530432546866,15,9,1
0.8706587214989796,27.97698998384045,32.13276105253224,13,1,1
1.542881268257796,91.26860203308388,59.154266999088456,10,1,1
0.6981186014467553,124.7453347281815,178.68532311907515,16,3,1
0.5597312609527847,29.887358317336528,53.39495299392908,22,1,1
4.219764295206723,56.83186267014543,13.467986364744966,8,4,1
2.5238951909404963,1.1297922026583744,0.44763654621962,0,0,0
0.23265189805628728,2.8017640990723667,12.042212852551144,1,0,0
1.8377699474823368,104.35889357132005,56.78530430930336,20,8,1
0.6342520337902757,2.8713681010243985,4.527100706100031,0,0,0
2.0994484104980704,2.581818767238157,1.2297546616442154,0,0,0
2.1763194636574528,2.1426642199214694,0.9845311822965411,0,0,0
0.8210284691241978,83.98619281715273,102.29264032748776,15,1,1
2.132810481231448,0.32556531972899994,0.1526454394985109,0,0,0
3.4964274573531626,106.01965038039859,30.322192710021046,24,1,1
0.4497140241413451,30.34221522405712,67.46852201633946,5,1,1
0.46179037124072336,128.6983608283851,278.6883009266753,21,5,1
0.7125723112714999,2.7752901772125034,3.894694175414487,0,0,0
0.728682958011039,67.58466350263018,92.74779282498066,19,6,1
2.516184355840029,141.94268068730068,56.411652127688384,20,5,1
1.7470411686026255,2.9380137225229297,1.681698724870716,0,0,0
1.4173550126651078,134.30400749223725,94.75611877825456,3,1,1
2.629159335938039,2.9895666756991988,1.1370765035309436,0,0,0
0.7981481969961017,130.7835584126467,163.8566876903044,20,9,1
2.8899696469299196,1.6777730253083476,0.5805483879759077,0,0,0
2.77044145959038,2.7966787223925977,1.0094667830080284,0,0,0
2.4840991657406537,1.2793020232734433,0.5149942848393343,0,0,0
3.3431905202912175,20.858553711067,6.239097411138852,4,9,1
2.0290719400189805,1.72150281678427,0.8484146366056399,0,0,0
1.4096272218146375,59.073818525513786,41.90710745383665,11,8,1
1.9534478196649512,2.790546713012069,1.4285164926113898,0,0,0
4.94780153172192,50.781383800253245,10.263403016602068,12,6,1
4.698295840712586,37.5506404806506,7.99237890289308,19,7,1
3.432279099343209,135.32315975174632,39.42650395552091,22,7,1
0.5470206252176125,1.816505604609835,3.3206652806453327,0,0,0
2.513934020935533,3.1740354631798073,1.2625720528170827,0,0,0
4.294189345633995,57.53255585801835,13.397737558810107,21,5,1
1.742822133496019,118.07941659801702,67.7514571418629,9,6,1
2.235772206395311,0.26013780705538725,0.1163520338927825,0,0,0
4.686329372994659,16.156843459449995,3.4476469101992224,5,1,1
0.43900431805425577,3.013479583201773,6.864194308189626,0,0,0
0.7804620373808152,1.3378793390088555,1.71419253340407,0,0,0
2.2073458770039376,1.0447283956970133,0.4732940467737498,0,0,0
0.50413261481119,2.6882837340778276,5.3323874139952165,1,0,0
1.0433427932490686,2.8929787766404504,2.7727713917662746,1,0,0
1.7085923718862648,2.6603901565050503,1.5570563404802193,0,0,0
1.4017906433934928,88.26466837964708,62.96520749624932,17,1,1
2.0213146246265477,1.066304335877174,0.527527504927211,0,0,0
2.1176310812507086,148.10464078557223,69.9385000115787,6,4,1
4.600671574758927,90.6232059015934,19.69777834631861,13,1,1
2.350760727591845,61.733635436327425,26.261019295389996,6,6,1
0.7718479340119858,3.0224684998188898,3.91583524199669,0,0,0
0.42931701737892414,2.181876906337679,5.0820861907508466,0,0,0
1.1480709592948404,2.7653634919161014,2.4086833507060406,0,0,0
2.5016923381344984,17.140228625431543,6.85142607262097,11,5,1
0.8657797556117844,3.011112286295904,3.477879319752625,0,0,0
1.9243094749842704,54.5177991083692,28.33095014475953,19,6,1
0.3399368232927507,1.6020677847480338,4.7127011490511475,0,0,0
0.5399105666516697,69.0295778977395,127.85135844301706,20,5,1
1.3742744701139114,2.000112705733029,1.4553847833027205,0,0,0
0.5926725123352661,0.49352768264041535,0.8327016106748882,0,0,0
1.0384696355336696,1.6147938902544638,1.5549596111479154,0,0,0
2.8367346191786402,3.0764203736568865,1.0844897185519797,0,0,0
4.803739001582211,140.697189218582,29.289038451476248,5,2,1
4.853309003244216,108.58328819954716,22.372996320036727,7,5,1
1.3612530949723354,133.29946705073155,97.9233680418263,6,2,1
2.11303666317851,1.6892297347496643,0.799428504909907,0,0,0
0.46198036050386004,2.562053053903157,5.545685089855356,0,0,0
0.24274065216820867,0.8163506439109383,3.3629184375795877,0,0,0
2.7256077316158644,0.3829886980370141,0.1405144579133486,0,0,0
0.5642077413682617,1.5308281707013487,2.713186875316964,0,0,0
2.631542924041584,2.36989714786964,0.9005698218031318,0,0,0
1.8890880632896525,3.141677151885013,1.6630566792356636,0,0,0
0.8342882152153306,95.38966589986588,114.33521510680208,6,1,1
0.7923801361494698,0.7619828489200583,0.9616258635207497,0,0,0
2.8187002120052385,130.82425647866364,46.412808213297986,14,7,1
0.5704768767691901,0.13908331192485304,0.24379756588357762,0,0,0
0.13986210663290122,0.8699664071463806,6.21972763611572,0,0,0
1.7200849088812449,106.43603450524904,61.87800100779053,18,6,1
1.4042834064984857,95.16265702108245,67.76550867554405,14,5,1
0.9649901172789559,2.504066419828898,2.594887166324602,0,0,0
4.666697729770749,72.82627724871966,15.605493522581764,14,3,1
1.3885706585547473,127.52785025840946,91.84043395155892,5,6,1
2.7338626172309364,2.452017495608154,0.8969026135869251,0,0,0
1.402212426997365,0.8361835259319982,0.5963273085872342,0,0,0
2.9624048886514833,72.16423866147198,24.359936529458157,20,8,1
1.4453560211267662,26.42758173392491,18.284352439199253,21,9,1
2.4494671608831373,1.4319874264009587,0.584609421663139,0,0,0
1.2195477133903239,3.096789034057228,2.539272229641574,0,0,0
2.9463050133747215,91.87341221780537,31.182481099525464,23,5,1
2.1461680002954964,2.968269783988564,1.3830492082110049,0,0,0
2.6825291141456953,1.940136606017551,0.7232463436550575,0,0,0
2.495587585190028,2.186585605824773,0.8761771604528439,0,0,0
2.356619940302022,53.759729975221916,22.81212211380636,7,1,1
2.2143427753232245,40.40357721714393,18.24622420934998,7,7,1
0.7064655027257651,107.21439265066675,151.75953339784027,18,3,1
2.195414283919272,113.32259391665418,51.61762796681408,24,6,1
1.717303462116299,72.30653241133224,42.1044462798461,17,6,1
2.016068392076705,116.21297581577835,57.64308385651148,21,8,1
1.948546714344799,2.350883134540251,1.2064740621782384,1,0,0
3.7801483441535986,122.28187769395898,32.3483480217384,5,1,1
2.6115852795511842,0.24017787732918716,0.09196596394923141,0,0,0
2.172328175830181,2.146611867824967,0.9881573190162336,0,0,0
2.914675919486658,102.62588127254939,35.20992796734138,20,3,1
1.88613618776548,92.32195649345539,48.94740242951652,10,5,1
3.666067742085828,38.51486538918226,10.505741585084088,8,2,1
4.85387300107129,115.74433659474892,23.8457203375531,21,9,1
0.7187719695986639,73.89300052918284,102.80308028655955,24,4,1
4.121396899492458,32.22282330375354,7.818403785300043,13,8,1
2.9392792403454977,117.69514881592583,40.042043906536875,5,5,1
0.5288134043450915,83.94980948333928,158.7482868450289,6,6,1
3.8004435816974675,128.79830267386933,33.89024491554025,4,3,1
1.9871110773164729,52.80718275823512,26.574718249956412,18,9,1
0.8853383513072204,0.8674352878676479,0.9797672143251595,0,0,0
4.091195712720859,70.60615957888501,17.258032114921043,11,9,1
2.8529786722185926,30.490164375655908,10.687096192339801,18,6,1
0.793292513817586,2.449925305134771,3.0882611140926164,0,0,0
0.4210167682155131,62.65827636341848,148.8225478607699,8,3,1
2.041123476835002,81.38462230756357,39.872268634660394,24,8,1
1.3868756359832564,2.7912409885702667,2.0125963642210256,0,0,0
2.1310857621990364,36.81572405433286,17.275490246549705,7,7,1
0.24733149601826945,106.51226316779562,430.62836152623686,7,1,1
2.95276359130654,0.2555435859919194,0.0865435760954658,0,0,0
2.8774528698039052,131.27365492189313,45.62132019129728,15,8,1
3.5535535043899524,49.71891336329768,13.991283201180059,8,3,1
2.1544339452746013,46.356904246717605,21.516876476825225,23,4,1
0.4526821406103734,23.006700798148067,50.82195764902765,9,3,1
0.7402318770874051,0.3553812414091124,0.4800879988138665,0,0,0
1.2150828501699564,1.61176791272592,1.326456585190572,0,0,0
3.3648814548764006,137.81312312111658,40.95618683966694,3,8,1
0.20830974737272182,2.6500617380449407,12.721125920451025,0,0,0
0.567965339326311,1.8731872226791377,3.2980080172159756,0,0,0
2.937859161764148,137.35781849791223,46.7542327226822,8,5,1
2.9777363778447037,42.931890804872275,14.417578046370231,4,6,1
4.088332679500293,79.97228031906826,19.56105116140682,3,4,1
0.7919287571614029,69.13099410292749,87.2933588333499,6,5,1
3.6793800971834263,109.24578475127568,29.691275419505896,17,4,1
2.4571187450467575,3.036470589889962,1.2357800119391709,1,0,0
1.0018487329754204,1.108068298282916,1.106012516347553,0,0,0
2.5425834765524,35.90012690768426,14.119491471504372,11,7,1
2.5687458259440743,30.582720695076144,11.90565502030008,14,9,1
0.7925090130064639,1.4988419669610633,1.8912378660483171,1,0,0
2.877131774190505,1.8538093469011967,0.6443232528653452,0,0,0
0.4025079533204583,0.5510979966408134,1.3691265000596518,0,0,0
3.977392690299399,88.71332009830128,22.304334513240697,14,3,1
2.371168149678722,0.47974337209456663,0.2023227871594416,0,0,0
2.118107442689527,2.559110186358589,1.2082003267529404,0,0,0
2.747122321182799,1.9921253242362869,0.7251654057124419,0,0,0
1.9066030923341002,2.0578366822868137,1.0793153002886304,0,0,0
2.137404297295506,149.13305333059452,69.77264703398598,13,3,1
4.91943673593798,100.7283164291173,20.475537562642533,16,2,1
4.681247089766008,112.19453781487974,23.966754156731813,8,5,1
2.908617455023713,2.5760139941291813,0.8856459047995131,0,0,0
1.6546794623979493,1.0595356104876161,0.6403229334355911,0,0,0
0.8548318869414087,2.912304595188073,3.4068342224176527,0,0,0
4.338334199806985,135.0326223201559,31.125382427278034,19,7,1
0.5646093774316009,108.87996505955627,192.83781147370595,7,4,1
1.0863259802897487,61.047732739299235,56.19599630955472,11,5,1
1.1322775430648575,0.5603710230954105,0.49490169394481487,0,0,0
2.548635539944886,0.4040560004311582,0.15853754243122242,0,0,0
2.8940918476755497,0.4349381340668621,0.15028432203109596,0,0,0
1.4023276909911402,1.8906005499751146,1.3481778049043818,0,0,0
4.79510534331859,57.952041507058325,12.085640773544155,20,8,1
1.5673094286116465,18.27243496802261,11.658398814215293,16,2,1
1.0382381962079255,2.1616735659205566,2.0820393175888046,0,0,0
1.709907924451353,26.39007101919818,15.433530839011317,8,8,1
4.663000268626415,142.9615646698743,30.658642472169927,11,7,1
3.09041009306664,81.55745814500293,26.390411558602388,19,8,1
0.6097701407675133,74.99161891064375,122.98140575102018,8,5,1
3.0808733327087627,53.34816238076156,17.31586581496969,9,9,1
0.7357205633383285,3.125182293039307,4.247726611844152,0,0,0
1.6266277464564607,33.309593160987305,20.477572977480936,20,8,1
0.8283908758903638,2.717058208387044,3.279883311889011,0,0,0
3.3705555940951335,97.97678055620962,29.068350050167943,11,4,1
0.11849922587911298,3.1328998398762558,26.435915150369937,1,0,0
0.8384578988149152,2.212658438894181,2.6389304134619076,0,0,0
1.1249219999778826,0.8342987328208944,0.741643701874689,0,0,0
2.7624220013775367,0.9681157216065173,0.35045775647101857,0,0,0
4.332466316377741,125.92229061720751,29.06473836710723,10,5,1
3.0825668873907914,86.55706579367141,28.07945071791431,21,3,1
2.095590647650972,1.456569684571715,0.6950607150290931,0,0,0
1.0431124692010127,0.2217351841491222,0.21256869705717474,0,0,0
0.34666351791879924,1.8015056847820594,5.196548313228884,0,0,0
2.5170962598885604,59.68719503181081,23.712624287245358,4,7,1
3.2472135487002434,134.73240779294375,41.49157142164502,4,4,1
2.4402335475387305,28.53867378465226,11.695010448214004,5,1,1
1.1094772201880354,1.252391814209624,1.1288023795329243,0,0,0
1.3552291992573768,133.4164115759288,98.4449178042048,17,7,1
0.44406692065058284,2.994623211304557,6.743478600323038,0,0,0
4.18487823976493,63.662508935149496,15.21247528911919,18,7,1
0.42887909239886374,23.25158816897853,54.213521819656634,22,2,1
0.25183228346965747,109.63652105783049,435.33802007890284,15,8,1
3.9850488416396317,37.57144036388123,9.428076687676375,23,4,1
3.270162198091309,81.90001820075054,25.04455828000521,15,6,1
1.79881063085059,34.91571761394182,19.410338649180147,17,4,1
0.34204584646921155,2.8354907420627504,8.289554969843127,0,0,0
4.988231464069957,58.72721773603225,11.77313050281173,17,4,1
1.8203425533114146,2.866137744232922,1.5744959617954846,0,0,0
1.7842288924818228,2.9791666057370265,1.6697128497143647,0,0,0
0.39358477304726236,42.15343324970093,107.09855957522892,8,3,1
1.6229738126344746,2.2980434113395414,1.4159373577542282,0,0,0
1.1734602307407889,0.14791551123948904,0.12604964946244343,0,0,0
2.97196368100158,0.17988575616948854,0.060527371867191475,0,0,0
3.098614350195622,34.617721605444515,11.171964618189048,20,9,1
0.667915943989383,0.5364891415672959,0.8032165038581338,0,0,0
0.35540181091715883,94.14222072403575,264.8820827903744,19,7,1
2.9128316298749,75.46533155400252,25.907804523256413,5,2,1
1.8629251208630409,1.0590554253746245,0.5684875514526756,0,0,0
1.360999281950864,0.8638463030412311,0.6347100747196948,0,0,0
1.368524560473971,128.69615366787048,94.03938883596665,13,8,1
3.1429579475323592,36.22252428018882,11.52494231085883,21,3,1
0.18459231457126696,1.590759454469328,8.617223777306457,0,0,0
1.245899455466524,0.2223245519617879,0.17844358671998334,0,0,0
0.7618825541317273,0.8644712684318763,1.1346367197629992,0,0,0
1.8599771374860508,63.30855641660698,34.03709366623605,9,2,1
2.0479319847769846,2.016197545419477,0.9844993463713942,0,0,0
0.9044054306452847,0.6831755951436601,0.755378084003085,0,0,0
2.591424097176058,1.650180603492369,0.6367827780342192,0,0,0
2.2032472152038958,1.608673718416579,0.7301343244518582,0,0,0
0.8761692989641343,99.36740900505733,113.40990265637953,16,7,1
0.7457606294569463,1.0523708927659399,1.4111187155925584,0,0,0
0.6654280797108387,2.8602695033799184,4.298325555133286,0,0,0
1.0570537245675986,15.177475513134569,14.358146212370546,4,1,1
1.874309958299342,1.2577196299113864,0.6710271767327143,0,0,0
2.335645390862884,0.43045458471469256,0.18429712979005244,0,0,0
1.215095859748173,1.1755727461705163,0.9674652926240931,0,0,0
3.7976787927525475,100.12549663667468,26.36485033416974,16,3,1
3.6762071879041276,64.45435083433239,17.532791872690982,5,3,1
4.822851828309452,138.86856077050655,28.79380867918911,18,9,1
1.9772921896819644,0.49788477250555385,0.2518000410375488,0,0,0
0.15333296198765353,2.9343263003375473,19.135709016588617,0,0,0
1.7741091847760806,2.783289151436112,1.5688287322068517,1,0,0
0.9080648830336054,0.778000381003108,0.8567579563527211,0,0,0
4.224804754127101,143.19421362121898,33.89360763837909,23,2,1
3.900984177175303,73.75614693127223,18.907012823248767,3,9,1
0.9856431859026937,52.38887344682233,53.151427090293296,15,7,1
0.6149960341767311,15.192826315688857,24.703540244164458,11,6,1
4.721410340301792,106.9695100752281,22.656214097724384,15,6,1
1.2580644825777456,1.3699858948068093,1.0889545204030857,1,0,0
0.27262163100853787,1.9717659041431022,7.23234459937392,0,0,0
0.17379850372667754,2.102049397488101,12.094053814499649,0,0,0
1.9372361612065947,1.7609015206317513,0.9089714853454612,0,0,0
2.3101758993059414,3.002147348916166,1.2995263064405826,0,0,0
0.45196248297454356,72.70207831987392,160.85509861441878,5,1,1
1.1935342544005738,138.95607639232992,116.42306171723557,18,5,1
1.0640374073056589,1.0781528600557202,1.0132564138150373,0,0,0
3.7499035909340868,26.693667715383693,7.118475417652069,20,6,1
0.23936340525269895,101.59721506484966,424.4298357104319,10,4,1
1.1014916615101749,1.1403924082365124,1.0353070250234737,1,0,0
3.112927077444457,80.98521741100491,26.01569366685983,24,4,1
1.3545684152765456,84.59884420014419,62.45400284403085,10,9,1
2.0783558988397863,1.0772422474132977,0.5183121258940259,0,0,0
2.8020857863551676,1.3307466278352944,0.4749111840913426,0,0,0
4.098749785321987,106.68239223020636,26.027968902262884,11,5,1
0.652994389924633,0.21330397032909415,0.32665013225058537,0,0,0
2.113444807258565,60.78843870030295,28.762592174447164,9,6,1
1.0467377939075764,1.7049060944926056,1.628764927345184,0,0,0
2.039189449083804,122.27949047371501,59.96445837049153,4,9,1
2.333316596823194,34.118328073193325,14.622182818146916,19,8,1
1.939012201057637,0.49142069884995854,0.25343737610735645,0,0,0
2.7628933513587675,0.4155914171435644,0.150418369480489,0,0,0
0.8642171002012082,116.00184286887398,134.2261112176031,14,5,1
3.863815577586952,33.42790663128359,8.651505084802531,15,2,1
1.7300111037674561,3.0359810680364094,1.754880944183266,0,0,0
0.8403036269158846,133.78723349655195,159.21107216549288,8,1,1
4.649544679125418,104.79122404533811,22.53790551508244,8,1,1
1.5394621168835854,1.9502128316423566,1.2668062060066732,0,0,0
1.6659847930052063,36.284238617582574,21.779322942619295,22,7,1
2.3614805636291973,0.4664777291023746,0.1975352924491386,0,0,0
0.16092655526044616,0.20673705657727515,1.2845873098421257,0,0,0
1.2363921822452755,2.8765918106182142,2.3265826055033285,0,0,0
4.322306790439312,32.0835019263101,7.422755777012169,11,9,1
2.9160689109795666,3.0272261162516454,1.0381152940867235,0,0,0
2.9612547776534086,1.2602394668439731,0.425574732916191,0,0,0
2.560595036593607,91.3366094200046,35.66993273648732,15,2,1
0.29274364475118914,2.4761966535510127,8.45829487675731,0,0,0
0.3569536705120693,1.6116462099683537,4.514874602382997,0,0,0
1.3331617377693123,0.21647038023661289,0.16237246417990764,0,0,0
1.0818960336388994,66.14440775482493,61.136924740454404,10,9,1
2.1998529795860025,35.92617010126187,16.331094452083967,7,4,1
1.5006097290475302,0.5137879144894257,0.3423838195273735,0,0,0
2.7276524753956557,0.1376859915798991,0.05047764993721495,0,0,0
0.7683276038792135,48.838557305611886,63.563929526595906,15,4,1
4.757779698145528,60.83640408264359,12.786694650744264,19,9,1
2.3618394225872383,58.892945334035694,24.93509737361777,12,6,1
2.384052955073395,35.200957403705104,14.765112359468468,18,8,1
2.5370097150066737,0.15424446336090467,0.0607975028528696,0,0,0
3.804456288880267,23.629627165911735,6.211022879865345,5,6,1
2.9127869235010535,1.870907456805002,0.6423061771694861,0,0,0
2.394801071506734,0.7228251530251195,0.30182971910612655,0,0,0
0.11601413965844697,2.6279304282099862,22.649859209868865,0,0,0
3.3214743550748294,31.21224538715941,9.397077345696614,7,9,1
4.089455835791996,33.2301484518739,8.125791921535471,10,5,1
0.779741707676378,72.52556264215522,93.01109818441805,17,3,1
4.665685650238726,120.95920275735223,25.9252235518541,6,2,1
2.8958274078213138,0.3767975260292761,0.1301169482138709,0,0,0
2.682976485286048,25.04367929021305,9.334254729778486,13,3,1
1.7387474061129933,2.492043424033684,1.43323238496201,0,0,0
4.5043834395571745,43.44539978511234,9.645116566323622,3,4,1
3.449598105755772,106.13129400913918,30.766188725048508,17,2,1
0.41878873797527644,61.50939075141271,146.87100311903012,16,8,1
2.2828782547171595,0.5916758264085284,0.259178619534242,0,0,0
1.0660343459905781,118.41349643510502,111.07745834445012,13,2,1
0.7662991972977236,127.48327668288542,166.36010259623194,24,7,1
3.6213046088811414,89.92576576515562,24.832353848686875,12,4,1
2.7308247197632505,140.53251510967368,51.46137702609008,11,6,1
1.9305580056879093,122.79695508652826,63.60664567357349,4,2,1
1.483010308757113,2.3268266436532126,1.5689782735364395,0,0,0
3.749649119153911,120.79117078995795,32.21390717170412,17,2,1
0.3498250896259883,145.52684928960812,415.98699960370504,17,1,1
3.7035743062033455,86.72118066971284,23.41547363305827,16,9,1
1.069763419067371,1.3231741774886638,1.236873298499235,0,0,0
0.8879810368047211,2.629462947187141,2.961136811300257,0,0,0
2.934192933175361,2.4476616421167607,0.8341828080268222,0,0,0
1.7581222308653341,112.35650120887342,63.90674104960395,12,3,1
2.893033823608604,1.8035415612745527,0.6234062362128087,1,0,0
0.8642992905406556,0.965304459400236,1.1168507268924583,0,0,0
4.338003612033111,135.61486782579578,31.26197378671588,5,5,1
1.4703176239940552,111.02088633591117,75.50758383653958,7,5,1
1.1197846297915257,2.9196002663376293,2.607264036335999,0,0,0
2.1577281228363843,110.17966050554992,51.06257304325552,15,1,1
1.771817819105611,1.1604152474384217,0.6549255152931168,0,0,0
1.6668087902435211,0.34576888235669445,0.2074423952865193,0,0,0
0.47920524186043867,65.25311485011964,136.16660980312315,3,8,1
1.6042328837037256,0.6560305142378524,0.4089346575272135,1,0,0
0.14904711977266125,2.919649724878934,19.587455663519606,0,0,0
4.384629300918381,36.04389416652377,8.220492426588939,3,6,1
2.4619585995079136,0.9737498017975398,0.39551674298046213,0,0,0
1.6126101151459558,26.6701766784088,16.538412505163947,17,4,1
0.939374612696515,1.549811758703119,1.6498159941691672,0,0,0
2.238988674607785,0.8402091518817373,0.3752611207011635,0,0,0
2.643562684952748,3.0265304908587334,1.1448637323595399,0,0,0
1.1790385393923983,2.4554533411280044,2.082571886644615,0,0,0
2.171547243631493,1.5313200458206693,0.7051713927005876,0,0,0
3.346092696515174,46.480319846918206,13.890882636484982,21,3,1
2.9572567184150937,108.91142912205636,36.82840930236618,11,2,1
4.234897389311321,78.83870849842359,18.616394941105032,18,4,1
1.8788930287110523,0.6178052328854332,0.32881166480914886,1,0,0
0.8055348621815206,31.643330206075728,39.281896877079525,9,2,1
2.1192374500466054,1.1536123876810052,0.54435001804798,0,0,0
4.811494823495567,82.43913690612365,17.133753353744222,4,2,1
4.604086249037938,88.78053180737638,19.282944361975005,21,7,1
1.6294589041557614,2.329996229344392,1.429911441330375,0,0,0
3.5383446040527216,109.31580457331407,30.89453059569189,24,5,1
1.5060039563742926,26.922217364508004,17.87647269174242,20,7,1
1.8618800705141714,0.6286247834306037,0.33762722804413764,0,0,0
3.9317390156163734,66.71583797997998,16.968488506004256,16,6,1
0.4795415879373211,50.40703344502296,105.11284857138523,24,9,1
0.7752898149406733,1.6252053612394566,2.096228233156252,0,0,0
2.4153029875032224,2.649509358371663,1.0969631563611704,0,0,0
1.8314999415768,136.49343952736754,74.52508797733108,23,2,1
1.1495572584383498,128.85539829112574,112.09035169127176,18,8,1
1.1891905626558377,0.3913440135066939,0.3290815912773423,0,0,0
0.6145746769611962,2.426905730086661,3.9488549276666913,0,0,0
2.872073852872417,102.17750445527629,35.57608680299739,5,4,1
3.0200599012485396,23.321654263971176,7.72222333474125,13,2,1
1.0569579417906312,65.77988685141617,62.234514643818905,13,2,1
1.3661377360978109,137.629310155766,100.7426257930806,22,3,1
0.9549699912056239,1.199099447368683,1.2556278230027291,0,0,0
2.4312790577794505,87.56561852741154,36.01612825395066,9,5,1
3.6856742477430138,83.84088688003254,22.747712838226395,11,4,1
0.49366297398971304,3.130058371032438,6.340347833376962,1,0,0
4.541241643122321,41.74406622254679,9.192194025576132,12,4,1
1.485815329248094,1.2013803201344602,0.8085609367976127,0,0,0
0.8313013447370369,1.484852052978186,1.7861563689448738,0,0,0
0.22589634527897556,2.0627692643414695,9.131081562999572,1,0,0
0.2893025969427453,2.647701900533998,9.151699333223211,0,0,0
0.3575623943323526,78.16102745561159,218.58798020901833,14,5,1
1.1173069889174958,118.78316439735666,106.31106979984152,7,9,1
2.4443766427917035,2.653233193321818,1.0854392455244286,0,0,0
3.142467013049465,38.28063303236424,12.181674797747096,14,9,1
2.0042301137528407,0.8452366299698714,0.421724235619258,0,0,0
2.4091002065699687,0.9430327221971911,0.3914444094858814,0,0,0
4.701159943687146,27.318973981071494,5.811101131912095,24,7,1
3.602236471549539,39.01377238718486,10.83040061120602,4,1,1
1.525624185550167,0.29904770493291566,0.19601534087614486,0,0,0
1.6360131994422977,0.8498692117499564,0.5194725918554624,0,0,0
4.723044501925792,116.9342075577694,24.75817450552186,9,2,1
1.5952284828798258,1.6154243987964527,1.0126538546639032,0,0,0
1.1634216459862026,133.82088894288495,115.0225622661737,13,2,1
2.366830417303858,48.34003526184583,20.423867578242337,24,3,1
1.881140108525133,0.8334903263932727,0.4430748628809581,0,0,0
0.6944921333225892,24.69401863513834,35.55643309113958,8,9,1
1.9612765987241625,1.3734453109987965,0.7002777217221782,0,0,0
1.1505485438292495,33.10614906582167,28.77398046659922,17,7,1
2.494561759525934,0.9856934597487601,0.39513533975710535,0,0,0
4.988396446140667,134.7371849691871,27.010065523716083,24,8,1
0.36151867231532775,34.04980252490765,94.18285500522951,15,1,1
2.5578881358587355,0.6636347237957502,0.25944532915223195,0,0,0
4.224967556737936,93.80385377161686,22.20221350573088,20,1,1
1.2783634697949267,2.9724146879769817,2.3251536098084142,0,0,0
0.8932951239443725,74.67893877094014,83.59846682754561,3,1,1
2.9821603278091247,2.828975762661674,0.948629840583252,0,0,0
1.6718443655912056,1.524645230267118,0.9119485893306076,0,0,0
4.3579213897228275,135.2069975101873,31.025499352523475,13,3,1
0.11994609043698301,0.7585865593059662,6.323868646790197,0,0,0
0.34590759109532543,73.53904923172598,212.59123885220578,14,8,1
0.5181928997434412,64.51879449390077,124.50488896500502,3,3,1
4.389422360381325,122.59333339246304,27.929199797901187,20,1,1
1.6274879938975504,107.03285480566619,65.76527602921507,5,4,1
3.8405875870838075,65.19340382206232,16.97480726471115,17,3,1
1.6122021700839524,0.312222029934092,0.19366063333824957,0,0,0
1.8930265609397876,2.5225324751395988,1.3325323594845422,0,0,0
4.0197763096472094,60.92919219147018,15.15732118526906,24,4,1
0.7980088643142643,0.47665426653284604,0.5972969911462356,0,0,0
0.7712781199193645,2.7920695242354956,3.6200084665214307,0,0,0
4.461004312411087,49.08041514733104,11.002075247950522,19,4,1
4.995245416010565,57.953313352287566,11.601671691609251,24,2,1
4.0147008355341365,144.96997911767403,36.10969383761024,19,9,1
0.8270450314753268,65.19796591646661,78.83147243559408,9,1,1
1.6868699992888978,146.12515714138993,86.62451223737835,22,8,1
0.9082135161927247,3.072502806890271,3.3829808985459997,0,0,0
4.835003469620444,36.72649651232649,7.595945025404362,10,9,1
2.351597586151791,1.1564909747843555,0.49178739752105327,0,0,0
2.96674664697744,121.92042202757645,41.095525024538205,5,7,1
1.5576475700050572,1.8884020423417134,1.212334519926342,0,0,0
3.547671762738524,101.77888979663345,28.688844322402907,4,8,1
0.6071561678102821,2.7527855026079378,4.533825579471492,0,0,0
0.34397022055221027,1.3186221134341434,3.833424233862305,0,0,0
1.870090573366907,2.688418735617183,1.437579761165992,0,0,0
2.2424021539854606,132.70331135384538,59.178822732471595,5,4,1
2.1692918639922407,29.385529863148676,13.546076897324689,7,9,1
1.6811191884268013,148.9056202242571,88.57476346812037,12,2,1
2.760077393075274,1.3604306658143641,0.49289405445187,0,0,0
0.17146877344533573,2.2597358624069104,13.177933437500778,0,0,0
1.3169194101397501,0.2569296640341298,0.19509752159522725,0,0,0
2.0153925625907743,122.17591345125976,60.621096608215176,23,3,1
2.7820305500858518,112.03651970070347,40.27134676280908,12,9,1
3.945244788418294,59.565092710457556,15.097907715698637,7,8,1
3.4642929358728156,136.13316073829543,39.29597476266817,22,7,1
1.697486374766504,0.36965895572537144,0.21776715474648314,0,0,0
0.477929256199774,2.0946297435037255,4.382627533378824,0,0,0
1.3934167415780716,0.6739120793997209,0.48363653379904836,0,0,0
3.8824070736528897,104.07336468904275,26.806332940196498,4,8,1
4.913011022492507,109.76372708599398,22.341391698403093,20,3,1
1.1301878241121033,43.96625071253473,38.90137617905532,14,9,1
0.13836355742535256,1.6865194153653902,12.188162585002596,0,0,0
0.6449691043644368,0.3386121750807096,0.5249971243865001,0,0,0
2.3231571361578087,90.11658270014019,38.79040009544054,13,8,1
1.650918452215458,3.18829592843838,1.931213871903326,0,0,0
4.0542382453211205,72.66289169153282,17.922654779561356,19,4,1
0.9399081168144039,130.51189465956782,138.85453671422175,13,2,1
4.817570767360749,25.99273797543629,5.395392258192713,20,3,1
1.251277270401675,0.5845826091974686,0.46718497264805714,0,0,0
0.34011613698286675,1.9697715393458035,5.7912971840944625,0,0,0
2.8203860047475806,2.944706561503744,1.0440755683056249,0,0,0
2.5387978896581647,62.983951897811735,24.8084749359638,21,1,1
2.9155617251403267,17.066929194632234,5.853716115939765,7,2,1
4.16426348684871,55.97302773497355,13.441246813338099,3,1,1
2.5880112505922535,2.16747508712191,0.8375028167276046,0,0,0
1.9481762539602694,0.31915948537153516,0.16382390786442946,0,0,0
2.11245048895459,1.7824457743775484,0.8437770948604304,0,0,0
4.805023301057348,43.094849516768505,8.96868904265148,7,1,1
3.8313880026859555,27.85860608633738,7.271133426182151,16,6,1
0.8500004211753124,0.6105896956401172,0.718332011501521,0,0,0
0.14914822817978488,2.4874904564469977,16.676857098682824,0,0,0
4.607768169823797,70.08546231638024,15.210250956820767,17,5,1
1.1839003175643719,115.16937780203327,97.27880236652405,17,9,1
1.932327915292418,1.4901811181327915,0.7711803956955864,0,0,0
2.4158119305787373,0.43179031605421814,0.17873433078355155,0,0,0
2.109468664751887,3.16084226416782,1.4983997311675075,0,0,0
2.770005062257997,1.169552203766155,0.4222187163172992,0,0,0
0.23620130364765962,0.6154784431438461,2.605626545552255,0,0,0
2.378389692432673,0.46684219186250075,0.19628416256016482,0,0,0
4.822198374313422,97.03756154185949,20.123054420201314,9,8,1
1.2727727084280318,110.25543161982641,86.6254945873667,15,6,1
2.391088265290478,1.0445053312039265,0.4368307845671231,0,0,0
2.711158403868717,133.05413894329172,49.07630922277988,4,6,1
2.580835693631921,2.2813393640780735,0.8839503150874688,0,0,0
0.40191798321408234,2.3454503330990977,5.835498972585396,0,0,0
0.3326778624187624,1.7259853076677896,5.188002036260792,0,0,0
1.042801644751927,2.2276143097269023,2.1361617133234314,0,0,0
4.26800297780644,59.960296774058214,14.048761586679856,10,8,1
0.5680274334477918,62.99727430610515,110.90338522891594,4,9,1
1.8274714900684357,0.3499077560257654,0.19146993166681103,0,0,0
4.92765972051916,142.67958679614225,28.954778807925077,24,7,1
4.749617119265599,64.56293276688578,13.593263459567893,17,2,1
3.2367980183283187,31.352283644696676,9.686173374251856,24,7,1
1.5839515966326325,1.5982122833956083,1.0089968638086122,0,0,0
4.127417606578223,15.763034153559937,3.819094035335008,16,3,1
3.903626549445507,62.417917358249326,15.989684635757264,22,4,1
2.2849409745452105,2.4836606245336874,1.0869645135506802,0,0,0
0.8489087260669792,1.5233208443386101,1.794424834278448,1,0,0
1.9721593261395411,0.24131398964087328,0.12235967086722606,0,0,0
1.067180954731565,32.5535445127679,30.503954675062094,10,5,1
2.3069229781366367,1.252344605847264,0.5428612871357935,0,0,0
1.7510970429412027,88.45466423182826,50.51356773898734,10,3,1
1.6034769144691539,110.21639674235017,68.73545131413692,20,1,1
2.083223362236193,0.1785806732182093,0.0857228366516349,0,0,0
2.5838205394461347,2.1419502580187295,0.8289824836879102,0,0,0
2.4344680990742322,0.9364442323974644,0.3846591319731196,0,0,0
0.32321063072325035,2.1793715788734107,6.742674729632106,0,0,0
2.153410475608532,0.1638119323169876,0.07607057431303388,1,0,0
0.37165682670146816,1.239918989484244,3.3361034679594286,0,0,0
1.5865842078992798,1.0017182481179059,0.6313638630032721,0,0,0
0.5860957272361212,0.21368142349398322,0.3645782894864949,0,0,0
0.631873078574958,1.043150953174567,1.6508607186112865,0,0,0
2.286217439858748,1.8914624493516738,0.8273290821269015,0,0,0
2.6814092984484423,2.2939361858293355,0.85549327818916,0,0,0
2.597833766174601,132.44049092359415,50.98092989580222,8,5,1
2.795190368469999,1.8259649683431824,0.6532501172152664,0,0,0
2.388949260127088,1.0541670782103116,0.44126624334072234,0,0,0
2.13991247252987,133.17512054917648,62.23361932908415,12,3,1
0.5053398922162395,2.5653286667656596,5.076341572994645,0,0,0
0.6995645908075854,121.56002011597457,173.7627719949724,5,2,1
0.5457040242481932,1.8750824219342697,3.436016555589698,0,0,0
3.4502119451547295,133.0582148301404,38.565117533090536,15,1,1
2.567568780480547,130.73925617702963,50.919277402877015,13,8,1
3.6124622563898403,56.013961974409625,15.50571409242814,4,6,1
2.36473521271205,28.601633934542797,12.09501716328268,17,3,1
2.9123469585761295,130.92072741548196,44.95353051759492,16,1,1
2.9320269676364226,2.1013679888810763,0.7166921877438107,0,0,0
2.8109070007290717,2.91852662224011,1.0382827459804496,0,0,0
2.9904282412750334,62.49663110671955,20.898820194351465,22,1,1
4.774623613567256,53.046466678457435,11.110060157856806,9,4,1
2.4575554300985907,132.93266627756412,54.09120125531357,11,9,1
4.10636432047378,66.39389731644144,16.168496131833674,23,9,1
3.9933571297896404,53.990257971878904,13.519983567031304,24,5,1
0.3535087428261432,3.0031293270617,8.494964943170233,0,0,0
3.09640437666696,67.53160629802908,21.809615278534327,16,5,1
4.9488776674017885,20.304412595343482,4.102823494881121,4,1,1
2.1809280096807537,2.5081462384448714,1.1500309625086567,0,0,0
2.6843062662011774,1.5271016567179634,0.5688978142948503,0,0,0
1.2459503626696846,2.3579496484529026,1.8924756509914884,0,0,0
0.2579356894429662,85.05654417574218,329.7459413236244,19,3,1
2.101936256012114,3.0295746001997634,1.4413187737480873,0,0,0
4.767585485311374,142.55278615779955,29.90035261946922,20,3,1
2.9929532792225975,22.472221544442853,7.508351906769756,8,2,1
2.1123222397252372,53.42043226234899,25.289786927314843,13,1,1
1.7602766882807135,36.34708690046422,20.648390482328033,6,4,1
0.22520383381133385,0.6109259287612551,2.712648323695071,0,0,0
4.539104043468036,86.22110238316874,18.995139041999686,14,7,1
1.7692209430562378,0.6005192855991442,0.3394239106861787,0,0,0
1.1323207680886587,2.4493229424395446,2.163080798885232,0,0,0
1.3517547378734303,26.256172258782538,19.42362566735409,16,4,1
4.054669845877658,121.87883839223579,30.058806866378976,19,8,1
1.4485276008266401,2.726902584771259,1.8825210910749512,0,0,0
4.799605626716016,27.28659392913979,5.685162323677527,8,6,1
0.9370286043967417,1.9018384864100981,2.0296266103513285,0,0,0
2.67255063036884,2.5176141921586344,0.9420232280422309,0,0,0
1.2636484661093472,117.14407639214261,92.70232387459497,6,4,1
4.43755118085677,78.85373014925061,17.769609687730807,24,3,1
1.922569716770522,97.35585163679646,50.63813520322122,12,2,1
0.7777650375402557,1.7740369352739829,2.2809126670925886,0,0,0
3.510118491201958,106.69834517877707,30.39727618126048,12,1,1
1.0250293278519078,2.7191134640053094,2.6526918432520397,0,0,0
0.7394524749993239,51.24816382913277,69.30461728863203,22,7,1
1.6412192511489856,0.9926305622955767,0.6048092072455201,0,0,0
0.886691274582597,139.82554647568992,157.6918298008661,18,6,1
1.8820484347400583,2.866654191251236,1.5231483456288997,0,0,0
0.4235837220153996,110.19027479626432,260.13198276875875,11,6,1
0.6811585772844386,111.89767355019117,164.27309961402634,11,9,1
4.6561882495078,23.85952190400537,5.124249575611933,3,2,1
2.619824454988283,1.868890214580372,0.7133619496536969,0,0,0
0.946542403143641,2.4206869966036804,2.557372405969516,0,0,0
0.43991703237224866,97.33565512535542,221.25408979867797,8,7,1
1.457482708536884,147.2258530202312,101.01309746381172,10,2,1
1.2788001832513158,41.34857303040084,32.333628220940504,22,1,1
3.941966954534094,92.65311956347813,23.50422659293017,8,3,1
4.454936054706835,52.12086447114812,11.69955008009138,4,1,1
1.2744089033909465,3.1962581010285294,2.508012155598127,0,0,0
4.321963503263877,108.60655658300547,25.128926982312073,20,8,1
0.4907016483806409,134.72079009137542,274.54165911071595,19,4,1
2.7607089450827718,1.0005639675814033,0.3624287685508691,0,0,0
2.3103063028267696,2.616600826887748,1.1325725502115127,0,0,0
0.5490029765333876,3.028682402227547,5.516595293159454,0,0,0
1.405737313814382,3.068501146759834,2.182825545249454,0,0,0
2.87471946490443,1.651243551701624,0.5743996337257146,0,0,0
0.8777056664602486,1.2193316516572155,1.3892103083617895,0,0,0
4.153564404723074,107.16818520236707,25.801436247417403,4,1,1
3.3759353622428048,149.93200730652742,44.411858374070455,18,6,1
0.20650651759015448,82.1070567623576,397.58106383192273,12,8,1
1.8624367051486914,1.6893343841511768,0.9070511276811575,0,0,0
4.551935825369595,40.81768742527639,8.967085503914626,5,6,1
1.907564567799918,1.1257838770432127,0.5901650693223617,0,0,0
2.808237550830924,1.0800839254279266,0.3846113655857525,0,0,0
0.37757221100846905,0.17327961674364284,0.45891891008540187,0,0,0
2.5274192632045263,0.9657558742086724,0.3821099519059105,0,0,0
2.52237723720879,1.094418201412381,0.433881913636479,0,0,0
1.4009708297681736,2.338419908428485,1.6691305539244483,0,0,0
2.4705863290414785,1.1596337902634157,0.46937404408486305,0,0,0
3.212268914579103,63.1121746006088,19.647165230320056,22,8,1
2.613891574114012,77.5209345833108,29.65717429876322,4,2,1
2.5386352601684306,0.7858399589827983,0.30955091336024654,0,0,0
1.3409540494698984,25.960351251808206,19.3594684824479,11,1,1
1.5669728095603042,2.7061793868347204,1.7270000476865952,0,0,0
3.575744259402802,69.34105799116918,19.392008779358918,4,6,1
1.6415592427915204,0.20124308843193722,0.12259189754903023,0,0,0
3.6375897832525337,33.28154472540679,9.149314577880345,4,8,1
2.0327428378278234,2.540899782932232,1.24997970026076,0,0,0
0.8240372256916392,1.6172173872937357,1.9625299823518891,0,0,0
0.830168657893556,1.641470368266395,1.977249538588911,0,0,0
2.1833762268649224,133.3737418040373,61.08573012093505,6,8,1
0.5536674237461495,0.8757529843102455,1.5817025342751947,0,0,0
4.243382402327946,117.68188848765834,27.732973368924707,6,5,1
2.88360212786902,2.0105315063697446,0.6972267479869149,0,0,0
3.011735700469029,94.21366755901981,31.28207920886136,14,2,1
2.780880904424482,15.636177445502556,5.622722351540264,17,1,1
2.294517484498847,1.4711107968985195,0.6411388866931912,0,0,0
1.7430198941494615,36.55004098912315,20.96925652956647,11,8,1
2.2756984002392144,99.12827731184528,43.55930544591094,23,1,1
4.316769905802831,50.941521759903196,11.800815161186483,7,6,1
0.8485121652029026,1.5383547940651805,1.8129812716174856,0,0,0
2.645473274101612,0.7323832711891008,0.2768429036610761,0,0,0
1.031370242644265,0.7823451103047347,0.7585418819919887,0,0,0
0.3875237256051094,2.0311575369684833,5.241240704397945,0,0,0
1.4240175320051633,50.44428105270003,35.42366978092747,11,8,1
0.5841563348764959,47.714524546254765,81.67968898163662,17,3,1
1.4101262683379645,1.9184862358439698,1.3604970518949662,0,0,0
1.4023181443988646,123.79728874201459,88.27982896619586,9,2,1
2.5478433522363546,122.16884453716128,47.94971595595512,7,6,1
2.3667568180811314,82.69540167862581,34.94024043554555,13,6,1
1.7018617996699796,1.9452121714301451,1.1429839614284418,0,0,0
2.2539905129013698,41.65893379756721,18.482220194326153,23,2,1
0.8733680613822405,134.68615520520552,154.2128903398904,3,1,1
0.38534738416885217,2.1469384310741484,5.571291791137506,0,0,0
0.5603366137854976,3.0427466293614125,5.430115136782437,0,0,0
1.3526077781672954,28.60897161377651,21.15081738208388,12,8,1
2.7212022311863433,146.49421537122862,53.83417496523702,9,8,1
1.0890924180457497,0.4517679158458261,0.4148075592894779,0,0,0
2.6115129336489713,60.721746601699174,23.25146979155769,3,5,1
0.503811576241026,1.7505041150531733,3.4744524601616904,0,0,0
2.415056019003648,2.114888185411072,0.8757061582455553,0,0,0
0.26545869133863753,0.9747799315489205,3.6719205064580303,0,0,0
0.406386001801899,2.6198380117639495,6.44651522197064,0,0,0
0.13797392410616754,2.156965853251803,15.63200834607509,0,0,0
2.2937081551678444,1.569889632225147,0.6844300502605862,0,0,0
2.3627959655173636,53.54588468157085,22.66198979646065,16,3,1
2.0709771198099025,0.7765870523816989,0.37498400881072713,0,0,0
1.0044051879589613,2.499373272273564,2.4883865778179413,0,0,0
0.35635120472559934,1.1608991268146043,3.257647329227391,1,0,0
2.885063646404178,0.2382230874758464,0.08257088610987681,0,0,0
0.8735493198252555,65.11095187970918,74.535238079463,14,7,1
1.4230556769521385,119.2549872281817,83.80146409236498,5,8,1
0.8377355844413562,1.2217445889359302,1.458371863279519,0,0,0
2.371294584697838,37.87202428258834,15.970965740537359,19,5,1
2.2379460888337137,127.69836017385748,57.060261732126335,6,5,1
2.47224282117523,2.768264808094665,1.1197337037636466,0,0,0
1.5720389535843653,24.599945608813968,15.648333057774458,14,2,1
1.9209111295236325,0.35345299904150296,0.18400182787783453,0,0,0
0.6135385406521405,0.40511498621424313,0.6602818837832237,1,0,0
4.784110014136009,139.15071258379004,29.08595774617499,15,7,1
1.3596918177921913,105.74708958129015,77.77226462269238,6,8,1
1.8586442730128108,0.1285108600115519,0.06914188500653243,0,0,0
2.5468134988597466,1.4579366353066898,0.5724529540266262,0,0,0
0.7157754389210553,129.2260900499401,180.53746698833388,15,1,1
1.0045854596259263,128.09725512229582,127.51128217321869,22,6,1
2.073381961583055,29.32239024774274,14.14223204827842,13,5,1
2.8551797044473344,3.0468821555064243,1.0671382538121734,0,0,0
4.004851941414208,134.8209318857122,33.66431449022782,24,6,1
2.1461990016670915,2.2340555573256244,1.0409310349506022,0,0,0
0.6261116813899168,131.7743217880498,210.46120219879026,22,9,1
3.878486146675473,103.82323801261997,26.768941900745222,12,6,1
2.85654005249999,1.9620183062999033,0.6868489157341345,0,0,0
2.8771133250656025,0.6434391213087449,0.22363974310836104,0,0,0
0.3232404544884022,0.33430920294760763,1.0342110840237106,1,0,0
3.185420595828687,68.37312896628671,21.464328576432067,10,6,1
1.1247214612755532,1.9093339467377035,1.6975909472402735,0,0,0
0.7734168159257702,2.8886811771511622,3.7349121050237857,0,0,0
0.2487521620455252,1.626859680214297,6.539819668863347,0,0,0
4.19331940010265,69.47519897942851,16.56802801557345,3,6,1
0.30937538603960996,0.1950227568379988,0.6303554260737786,0,0,0
0.817395490108122,75.1801309205285,91.9740958805942,6,9,1
0.32664136642658403,121.81161688143426,372.9101709078931,23,8,1
2.0793441326593927,1.8836134367002058,0.9058646659148704,0,0,0
2.3173575876720016,114.03894695387282,49.21055578775697,15,6,1
0.5840876948368608,63.52772395028238,108.76215487894666,7,2,1
1.4051700543360532,1.1461082647891099,0.8156308945978068,0,0,0
2.4571058575938327,86.57961992030852,35.23627901091034,8,4,1
2.3802935542729724,47.2333956905364,19.84343366867892,10,6,1
3.999554762864134,143.98091224072303,35.999145101382645,3,3,1
0.6133573304305943,90.48344862250073,147.51918488873514,21,6,1
0.25071672258927,1.7780186394333186,7.091460459705342,0,0,0
1.1513900731304942,34.44043522917599,29.911788294000456,4,6,1
1.9092979252457516,1.7338285381261203,0.9080926733716642,0,0,0
1.5337611206906918,149.55080215462692,97.50529276316065,18,4,1
1.5581483265791898,47.16884982048919,30.272180314335948,15,8,1
3.5514341767734696,99.20924573786513,27.934902197448572,13,4,1
2.3655872177004604,96.49201080830835,40.7897042177391,3,4,1
4.705226519251023,57.787613965804034,12.281553483947421,24,4,1
0.7408329278469921,92.87924212188769,125.36968179180654,15,1,1
1.9155586560443238,0.33336402162018824,0.17402875149804842,0,0,0
2.917444803613047,1.1271757220194574,0.3863558470977976,0,0,0
4.747890725098998,134.41721825286544,28.310873802034422,13,8,1
0.5662036985400938,2.635697774769093,4.65495232906743,0,0,0
2.970884673930841,1.0992969194216413,0.3700221785268284,0,0,0
4.736905182845813,57.35425994402828,12.107934748701023,5,1,1
2.3912414249171694,2.0105013198978483,0.8407737049095496,0,0,0
0.5423632244513579,1.886493916517121,3.478220958317807,0,0,0
1.5714946222816457,2.8100898265240453,1.7881524410943919,0,0,0
1.5071139064691972,30.862748428670397,20.47791047318323,14,1,1
2.69496830257553,1.7975363660765824,0.666994745137175,0,0,0
2.0249900899092084,3.0865227460620064,1.5242086958131402,0,0,0
1.676303297230567,2.9100635439900957,1.7359902524174953,0,0,0
1.8193235761149422,27.10962406700418,14.900854039584571,3,2,1
0.6923021084684438,1.3979549443158212,2.019255372274832,0,0,0
1.2052048199449004,87.50626650466397,72.60636448916597,4,7,1
4.7681715506745785,58.16231466088032,12.198007572226736,22,2,1
4.368620378947858,66.7674826639385,15.283390186930577,19,2,1
3.176151716855527,34.89262341225972,10.98578300566012,11,3,1
3.96457170435425,105.02699587627548,26.491318305012015,24,5,1
2.253848911479945,1.4190293367890336,0.6295998962318633,0,0,0
0.5134140095960352,1.284632371980965,2.5020886206543413,0,0,0
1.5332160970258697,2.667572682555377,1.7398429936262476,0,0,0
0.6032082296990031,107.0060140346978,177.39187704604387,9,1,1
3.6992644222062494,71.65575944123123,19.3702200115491,18,1,1
2.729636597991362,90.81525854114622,33.26996930957053,6,2,1
0.8317359583648611,2.9373988151757495,3.5316057573040878,0,0,0
2.6743878846895544,50.30154200322861,18.808548380626483,12,4,1
2.7023610107937026,2.03015465415584,0.7512494198787203,1,0,0
1.3417340301202116,3.0966299390353758,2.3079140801229707,1,0,0
2.6154960578533646,77.74586780156261,29.72498097189318,5,3,1
2.77372294055458,75.6350073688487,27.268309166680716,7,7,1
3.3625600012257055,102.36002023150276,30.441007977288518,10,1,1
0.27992010917400745,0.3205826045215202,1.145223732693373,0,0,0
1.4104735127324932,42.50184809248499,30.132821623804208,6,7,1
0.61008182191412,0.8296881118849084,1.359939737074037,0,0,0
2.621984085955297,0.37321673602774363,0.14234080009061725,0,0,0
4.30216382312881,46.11680304245532,10.719418819046297,24,7,1
3.311633379573546,38.27215888419744,11.556847914320382,15,3,1
2.898844219664532,0.11531394089666981,0.03977914450282859,1,0,0
1.8446742784243604,2.63948546422305,1.4308602805882695,0,0,0
2.9988813662278386,141.34262441520184,47.131625375610035,18,2,1
0.5745090814558407,2.5639096011247813,4.462705737514919,0,0,0
2.1226672388409225,2.2084363924569312,1.0404014100904182,0,0,0
2.0374055891835647,36.23192710031309,17.783277644808823,6,6,1
2.704788201464909,94.06333528288789,34.77647065571972,22,3,1
2.741396167590314,0.1187458338703331,0.04331566597981001,0,0,0
2.8286271266248524,81.77585195610457,28.909983251786006,10,3,1
0.25067407490737836,2.5374624180905028,10.122152430416783,0,0,0
0.9762213359845184,64.79914041004504,66.37682895591118,17,8,1
3.570066504221557,112.32058457203318,31.461674403676202,21,5,1
1.0958214363151682,2.687172549792446,2.452176914022749,0,0,0
2.469944380583526,1.8211225159583333,0.7373101828415526,0,0,0
1.615472138076561,1.0286536016570091,0.6367471217488999,0,0,0
3.811721630950655,43.19345621707693,11.331714926190743,9,2,1
2.083735273004338,63.90988339959172,30.670679486387808,12,9,1
1.7728864052848308,1.5383432643173511,0.8677005941981157,0,0,0
0.9267759892121565,0.6374581454137399,0.6878159066211512,0,0,0
1.66171130792664,18.35603464863221,11.046397829209623,9,4,1
0.4755932717201321,2.8551190475938295,6.003152663915902,1,0,0
0.2766260753820299,2.2748523233691214,8.223267049417137,0,0,0
1.098330524474864,19.40426988986133,17.666897885916438,21,1,1
3.3163651176222593,26.030034546300882,7.848941577201203,22,5,1
1.4599253826390883,48.11691722810729,32.95825130364849,22,6,1
2.0341513496456893,95.24526681422486,46.82286723755453,3,2,1
1.5147913790235377,41.98285157767489,27.715086716344047,17,3,1
1.5912798713994738,1.9364851634723317,1.2169279766541043,0,0,0
1.4646725393304714,20.105718434524768,13.7270144858253,7,9,1
2.4665645956315383,1.4394085837065151,0.5835658026543369,0,0,0
0.408020100006523,2.5052194888560484,6.139790885074406,0,0,0
2.9539199252058435,2.170551996291244,0.734801451371596,0,0,0
1.752680086126818,2.463621925796141,1.4056232446891828,0,0,0
2.835891273158966,143.13018167991336,50.47079143219886,7,7,1
1.2066878474164915,2.503227070587074,2.0744439678469777,0,0,0
1.5716564279064251,0.1197962023221841,0.07622240966345602,0,0,0
2.983557877788573,0.8214578816382107,0.27532736484851716,0,0,0
0.708588374451429,30.152544718864462,42.55237636158489,12,9,1
2.4401999235635814,1.52496109824825,0.6249302912518526,0,0,0
0.9499717484092005,144.26617575446429,151.8620499773247,10,1,1
3.8205551985690374,17.76897410825281,4.650875769613365,3,7,1
2.9279319251740428,74.3335503604195,25.387645062666657,5,2,1
3.1786728657126013,101.17725879264866,31.829931788419103,24,2,1
4.642540743905096,126.90553531105662,27.335303868818812,15,1,1
2.201335031858124,0.44593829986746714,0.202575377059841,0,0,0
4.624588318920925,65.40610553747341,14.143088983506543,23,7,1
4.583838615680162,97.15872587638762,21.195884511550563,20,9,1
1.8524828174822887,2.053057909918365,1.108267676151459,0,0,0
0.9164114754032968,2.805536902654997,3.0614045807038104,0,0,0
2.4415764499757815,2.8778830297628293,1.178693889700844,0,0,0
0.10039060971300744,1.6845003316354126,16.777789860544807,0,0,0
0.4359609133828524,92.42244396625416,211.99222500674585,4,4,1
2.019333650563198,1.8291285938470774,0.905803523504744,0,0,0
4.2570826791715515,85.9333197718017,20.18591706782496,7,9,1
2.6345788964855283,61.30708932758054,23.27007807911229,15,9,1
2.240011587791348,52.18530177171873,23.296785198919988,15,9,1
0.36064287003486595,1.962827217543167,5.442427831929943,0,0,0
1.2287683679061867,0.8095139336988468,0.6587957233314923,0,0,0
2.5354246593268375,0.6844758778226785,0.2699639193243529,0,0,0
0.3653118284534891,2.820128674154179,7.7195734130987566,0,0,0
0.8162385173087995,2.9093891996152137,3.5643424005321003,0,0,0
4.08336584115364,120.39891855387042,29.485142499117885,23,4,1
0.7774624780447388,0.23048888787272184,0.2964592244504617,0,0,0
2.3200855764959964,0.10003606774163504,0.0431172184262848,0,0,0
4.199716664138037,76.32654778865741,18.174170343136577,15,2,1
4.617307370251557,74.5033084361748,16.135626482204707,10,7,1
2.9766919669920657,1.0116091327480112,0.3398422630029819,0,0,0
1.3597696251191684,2.3426882353350034,1.722844049181642,0,0,0
4.521127315674126,85.6025045392874,18.933843093532232,21,1,1
0.6969395091066279,0.4469508201329564,0.6412958389279478,0,0,0
4.933665495721737,125.8516895258928,25.508708392967023,13,8,1
2.1109241713632962,2.2718956388228,1.076251296531692,0,0,0
3.2853569080925182,109.9563925533186,33.468527451979234,24,8,1
0.8317127347919436,2.8064337557471304,3.37424196592289,0,0,0
0.5767760343287484,0.46140753112265986,0.7999630775728411,0,0,0
2.64178872423808,47.82181160706027,18.101989060825417,9,8,1
2.15722758329072,0.426744269929033,0.19781978268618122,0,0,0
0.24974586726645,100.9235456542631,404.08878781852053,12,1,1
2.6971322595823324,2.918443318566116,1.0820501989457736,0,0,0
0.8609842918189755,1.407309114330341,1.6345161956384124,0,0,0
0.6354341263073707,1.1605336246771416,1.8263346478959819,0,0,0
1.648540271054127,129.42124749759677,78.50609700536542,6,1,1
2.649260701859116,73.5608942979953,27.766469559480733,9,9,1
2.727293349119533,68.42447655450701,25.088693040543795,5,3,1
0.17051630265121615,2.10096411731222,12.320469538411333,0,0,0
0.3468001097473775,1.2953525367913337,3.735048374843775,0,0,0
2.309515256554123,2.6843148820065155,1.162279942333945,0,0,0
0.4262590785272321,2.3813532597592415,5.586502469254544,0,0,0
3.504116599585557,50.07224618310665,14.289508315432677,18,1,1
3.2548579700136755,127.60506374095388,39.20437477542837,9,8,1
3.029006588710963,107.37087596988344,35.44743741914484,7,4,1
0.3892044085777423,115.0766756273529,295.6639659047137,7,6,1
2.288174334845579,0.41968399339139106,0.18341354190754652,0,0,0
2.3166248206656395,2.033603563078428,0.8778265546807728,0,0,0
0.6513121843728101,2.5570448604939884,3.9259293201509657,0,0,0
2.5759762729435343,0.8501291039828407,0.33002082072875843,1,0,0
1.6747712934772232,0.8060241819199497,0.4812713069217903,1,0,0
1.0053502360504754,1.4251462373167363,1.417547846248004,0,0,0
1.4574002572794413,1.5455281801134384,1.0604619889244415,0,0,0
2.8710187182693105,0.15652100629672105,0.0545173948629374,0,0,0
4.228980144981874,142.50586377910787,33.69737428880168,14,3,1
0.8115587441380592,101.30048922948399,124.82058970503103,6,1,1
2.0312467816333464,2.650238152289325,1.3047282727879692,0,0,0
3.7245057465474343,65.09932229843776,17.478600368056913,24,9,1
2.8630724397149505,72.08832324301514,25.178570565433063,4,6,1
1.30532056788455,0.9007313302955359,0.6900407854198056,0,0,0
2.1651974330537547,1.2054481455572377,0.5567356398075466,0,0,0
0.14261082709936615,1.2751915508830023,8.941131367822992,0,0,0
1.4417592546896412,3.141060872304324,2.178615518459281,0,0,0
1.637181345183837,58.63811780302868,35.8162886552789,9,1,1
2.1207453097539153,35.316892239799046,16.65297834095584,11,7,1
1.6060068086626793,0.7124233076032825,0.44359642051101145,0,0,0
3.64642980851671,142.3905455375468,39.04919675486652,12,4,1
1.8041442153768754,84.92526840138751,47.072067164528505,22,5,1
0.38444309906748125,69.22822675581793,180.06936847104623,19,3,1
1.9634390786520555,1.4058689652116234,0.7160200794088221,0,0,0
1.191743763946344,2.6127153254236823,2.1923281507179815,1,0,0
3.583020013434496,137.18554725225496,38.28757971266794,4,8,1
1.9368708938802282,2.801527829581925,1.4464120320633223,0,0,0
2.030291071769974,128.66439134647703,63.37207478017539,24,3,1
2.5887134541557755,2.6390968929711343,1.019458794926315,0,0,0
2.4471473508876893,2.6113515235054603,1.067095878635761,0,0,0
2.1885288684314363,146.91969239032446,67.13140648748191,12,2,1
0.3523499330780874,1.8260332238773826,5.182295296533362,0,0,0
1.1311709898723066,53.45511134243284,47.256019877479666,21,2,1
1.4746120870555586,92.20240806518383,62.526127117279486,3,8,1
0.4110638797829832,127.9401601826784,311.23398122551936,19,1,1
0.3893693740289189,16.95353660288678,43.539893825058265,22,8,1
0.9523586054643078,1.48361171595834,1.557812497646366,0,0,0
2.1449035221546335,1.511033174374335,0.704472771870287,0,0,0
0.898193625007324,2.299260480365322,2.559843243058136,0,0,0
2.388596591961281,1.6451708166800776,0.6887575468546415,0,0,0
1.0027923275524107,1.992034728263847,1.986467994271518,0,0,0
2.3104149691111133,1.9343226035664416,0.8372150705723332,0,0,0
1.44413272702166,1.2773359185556126,0.8844942363764399,0,0,0
3.3271479369421426,49.97029336626948,15.018912330983353,24,9,1
2.525497874490158,3.1207618629792737,1.235696746187847,1,0,0
1.860692314562373,1.305051678417295,0.701375855881727,0,0,0
2.069293153037348,2.9883952502811755,1.4441553650052543,1,0,0
2.663216078386709,81.91825398087637,30.759031178644676,19,7,1
3.0785798552515744,62.25525168710365,20.22200247977375,5,9,1
4.81574124047976,119.6360430457811,24.842654255094498,24,1,1
2.585969718372394,2.470417946193108,0.9553121892804248,0,0,0
1.253810538750539,2.665414462049546,2.125834104381232,0,0,0
2.2136658048200815,57.727740200453745,26.077775288846155,14,5,1
0.3509945371809252,108.88920656552544,310.2216496688717,18,7,1
2.1402562106874377,75.68017288364578,35.36016805093506,3,2,1
1.7951750284524288,3.1048976180809547,1.7295696927450352,0,0,0
1.5171762608018007,69.00400085814934,45.48156191559644,11,2,1
2.7805073922867827,81.40871666657087,29.278261985485315,17,7,1
2.2056460693031665,0.4760392938171558,0.21582661977193526,0,0,0
0.6089257194059363,1.8599546855862694,3.054435183077778,0,0,0
1.0616888624127185,1.651795884035577,1.5558045153047058,0,0,0
1.0127929155533195,127.3186571698969,125.7092127349767,7,1,1
3.384809933145234,61.67358404605472,18.22063958030008,21,7,1
0.6081431391068992,2.786988098968601,4.582707742101637,0,0,0
2.5052192052135425,38.95327305369576,15.548786104134305,23,6,1
4.2557618109085,15.032518059911974,3.532265997293429,18,4,1
2.488418602439975,51.54107180531406,20.71229681043554,15,2,1
0.37218612598773293,2.9198431402534366,7.844904705831545,0,0,0
4.772682227844134,74.93840893617408,15.701496211924063,6,2,1
1.0761524067623698,0.5166854985108201,0.4801185167443883,0,0,0
1.4350389864855864,2.780147189520277,1.9373186669598061,0,0,0
4.540900833201508,26.54096604246214,5.844855144127504,11,9,1
4.613747018781596,86.98208968982043,18.852767784635247,9,7,1
2.528364531333437,0.6261581285884618,0.24765244263801092,0,0,0
4.67687313133041,50.7065379019096,10.841951034060875,17,7,1
1.1095527003181003,106.31256603741285,95.81483408457595,14,9,1
1.8187412040120419,111.92149818904689,61.53755276816073,19,3,1
2.6249401989640013,2.557043920948318,0.9741304509157985,0,0,0
1.5663390449236807,3.017474518854388,1.9264381260572814,0,0,0
1.1116772779057238,125.53081940186587,112.91918320622489,23,6,1
1.1349693279962196,1.1967463920829517,1.0544213119685453,0,0,0
0.6884217368048755,21.635604877835902,31.427378665385607,5,1,1
2.427656905823496,3.1914374897011686,1.3146109468500546,0,0,0
3.4176974703766354,148.6473830235394,43.493301961024265,24,8,1
1.3133296467971671,1.2092148729403385,0.9207175583934003,0,0,0
3.896630201258813,34.109534779409316,8.75357564919394,8,7,1
4.622881419317376,72.11519557752518,15.599586716699013,17,3,1
0.7262153331365107,116.1994765401182,160.00471374120443,7,2,1
1.4302071790141166,86.35288114809886,60.37746044109468,24,2,1
1.7279129606469272,22.39627833486336,12.961387078552557,15,4,1
1.1636802994848086,29.520787889008606,25.368251245265267,6,9,1
1.1724584423628124,0.26230056258116446,0.22371652242730242,0,0,0
0.439494347640057,0.5432742143637912,1.236106576148637,0,0,0
1.1574208967986497,23.203851233492514,20.047720600575197,5,7,1
1.11157954851149,0.444094106253076,0.3995126680056992,0,0,0
2.7227809954987605,82.04710367258309,30.13345637187026,19,9,1
0.603908620093657,2.3072434630254204,3.8204542570116624,0,0,0
3.7463716992856617,43.55636449156085,11.626248467919305,4,3,1
4.7145790452941485,137.30243567004572,29.122885229433457,13,2,1
1.5670771687649514,1.9955081298474084,1.2733868093758325,0,0,0
0.8075699657993424,3.1163327197325814,3.858853428400786,0,0,0
1.5838198618604302,101.1914345380394,63.89034389033167,17,8,1
2.8179626129857085,2.2324457391325216,0.7922169750142435,0,0,0
2.5254694833593243,77.14414294500743,30.546335241810155,4,4,1
0.6788650769736435,22.35910513796599,32.93552215473961,13,4,1
0.6384985537588959,72.70011886708257,113.85927164028959,6,6,1
3.9982291797629386,102.53036522193828,25.643879871143042,24,6,1
0.972794344145767,2.295333474800373,2.3595016702109173,0,0,0
1.4494771084245095,0.14241548575811144,0.09825233003479904,0,0,0
1.8970345001808182,80.13094850145087,42.239888676208245,18,6,1
2.7302580034709067,0.6231232590345116,0.22822787295692362,1,0,0
2.6958414480489554,2.073676014718343,0.7692100453899661,0,0,0
3.6908886581716835,100.5568017706954,27.244530691207604,19,8,1
1.9264798978606523,1.3499529628698508,0.7007319189002548,0,0,0
1.0190219993898118,0.9270631032448756,0.9097487652988263,0,0,0
1.1446783645212408,0.9382191877920292,0.8196284830626663,0,0,0
0.36341362976127045,125.84475011269754,346.2756403466769,21,7,1
3.7999540742801767,52.19358269081936,13.735283194935556,9,4,1
2.0236365966176697,82.76130340541619,40.89711293648986,10,3,1
2.144618628425419,2.4001309614933564,1.119135933224731,0,0,0
0.7635146799257051,0.3386377204692583,0.443519023513699,0,0,0
3.0309420837347765,118.84021664945028,39.20887343854473,20,4,1
2.6627706481666396,105.55087206368941,39.63934172961735,21,3,1
1.639874759141756,36.650521747500726,22.349449583690262,10,5,1
3.21110785764926,78.67933353031327,24.502163115218536,18,7,1
2.187529373314124,49.24907204943445,22.513456283450598,24,6,1
2.016941337317229,0.3432130305830843,0.170164259411234,0,0,0
2.281131564821227,1.6899117011463303,0.7408184249532836,0,0,0
1.041084220508492,0.9354867731060452,0.8985611049201042,0,0,0
4.156063998201721,112.68727409732344,27.113875774608864,23,8,1
1.6561485546280181,68.03327532498932,41.078962599852005,4,2,1
2.4532873383394107,112.24359372460559,45.75213610290756,19,6,1
2.367867178490422,130.65854277829615,55.17961149555657,5,9,1
1.7813992471155697,0.6161609958534968,0.345884022355433,0,0,0
0.8544575937899483,2.3655449914402626,2.7684431903941564,1,0,0
1.5346339920000283,68.80640481600729,44.83541796969809,4,7,1
2.2535525918636,41.660648023024365,18.486572404706447,15,8,1
1.9941720925407207,3.0087449371902966,1.5087613856550859,0,0,0
2.6066389245349475,1.5669507107438274,0.6011360778181463,1,0,0
2.5740692992134315,81.1407866880562,31.522256020958874,23,6,1
2.0397419400179873,2.5758329191055735,1.2628167516697442,0,0,0
2.250719133610478,2.5958016673275184,1.1533158870892193,0,0,0
2.6229105629782863,0.505022265852735,0.19254195989804965,0,0,0
2.829151565451857,97.29175207629265,34.388899264137216,4,4,1
2.672082210606882,2.102013519231139,0.7866545588835546,0,0,0
0.602285422739044,1.4449401126377166,2.399055443700034,0,0,0
1.4964148193863953,0.4636553857834229,0.3098420847988497,0,0,0
3.888549922206165,42.71171200851323,10.983940806621503,21,6,1
1.9641057044682966,1.962931002066929,0.9993968265725525,0,0,0
2.0880936259892566,129.28435473568146,61.91472162902447,23,3,1
3.769012494259014,93.3995138726425,24.78083216932478,4,8,1
4.181555230423563,108.89309886209632,26.04122926741148,15,8,1
2.137203843562617,1.214422568781241,0.5682269803927837,0,0,0
4.091459230136839,21.04144358004215,5.142759824528467,13,5,1
2.3605965086491465,115.48100184054442,48.92005567951613,14,4,1
4.430003272073071,62.275180784814744,14.057560770167271,16,8,1
1.3603282864902642,2.499026932763485,1.8370628523667374,0,0,0
3.7121853090711276,110.73939501224463,29.831241567931954,7,3,1
3.357842889615351,23.628028328134047,7.036647853515907,21,6,1
1.0166938034862145,0.2727966461210694,0.26831476894811107,0,0,0
2.8517680580346663,3.093459302531134,1.0847475643539473,0,0,0
3.2650098915291847,21.830575246338533,6.686199769556104,7,9,1
0.7087262199771986,2.883968297266213,4.0691701876884405,0,0,0
0.3974470914924104,1.3174653041413904,3.3147359358829,0,0,0
2.969408279798664,2.857509864235666,0.9623130172248466,0,0,0
1.783871155137939,3.0014054695705346,1.6825142532202209,0,0,0
4.275855853573386,46.81171481995774,10.947891356515944,5,6,1
1.2268297783986448,71.41058518048774,58.206936584415054,9,4,1
2.2544928917102904,103.86831076253124,46.07149147798857,14,2,1
4.4119001403623965,41.867388422023254,9.489628548641349,20,2,1
1.3039223965789626,1.408795925030102,1.0804209855712326,0,0,0
0.7052727799060414,92.31218014065307,130.88676311216759,6,8,1
0.61730989132282,45.09825115529674,73.05491332647364,4,1,1
1.7039542571686,95.74904382502194,56.191932091418266,4,3,1
2.775670904850359,1.657352641913496,0.5970976847581283,0,0,0
2.848295275296965,0.32418107329960966,0.11381542424935841,1,0,0
2.2826626327303017,115.92561229342473,50.78503620327119,5,9,1
0.156050129661043,0.4855420369015817,3.1112497340362433,0,0,0
1.2268184936840028,1.4909502301298452,1.2152882312447113,0,0,0
1.3747763822572507,134.0005856445029,97.47011417474795,9,5,1
0.14117023996799874,0.8986591961669403,6.365332686575961,0,0,0
2.01047176346108,2.246057350005343,1.1171736997697086,0,0,0
2.989023158162792,142.47099321417457,47.664574354118,18,8,1
0.6946001284687169,45.70551429874795,65.80024163987754,17,9,1
1.5022823754877817,2.5985769043029903,1.7297411254312292,0,0,0
1.2924523800215242,1.4252080076798308,1.1027075369544572,0,0,0
2.143207841279591,1.41045877437119,0.6581033188530602,0,0,0
3.31373620415857,101.05512612691678,30.495735008341352,13,3,1
1.1040649917893604,82.56681083534286,74.7836980724723,9,3,1
3.462440629475047,62.41465014012191,18.026148765501613,7,5,1
3.912675285549286,133.14133397163675,34.028122441477066,4,6,1
4.784473069595293,41.05702302976931,8.581287138558569,9,5,1
2.9007397744222843,79.67049796607284,27.465484499413634,8,4,1
0.9221530437114382,77.90551100512846,84.4812764254588,8,1,1
1.9538113977676832,68.58504788421487,35.10302833338603,8,1,1
0.568198289495471,3.078313538591202,5.417579425538702,0,0,0
0.9350470429011386,16.32932137662148,17.463449423318167,9,1,1
1.2763712523969888,0.6244018709115026,0.4891969932486103,1,0,0
1.0350915177046571,60.5594011712512,58.50576019397786,10,4,1
1.128404257158252,0.9904408741276534,0.8777280753452507,0,0,0
2.984846575023363,104.33829588819843,34.95588255773454,15,4,1
2.789020726535087,119.83977095774836,42.96825051713561,13,9,1
1.3098609138372719,0.5966993630271695,0.45554058550635074,0,0,0
0.5689142044945619,3.094080191126831,5.438475225141184,0,0,0
0.20486510352181014,1.0396979034305187,5.074788910697667,0,0,0
4.160647403174812,80.50950655987755,19.35018886641432,20,4,1
0.5777531681960454,96.50694441807775,167.03547358237142,7,8,1
4.461524673611931,29.129185577565995,6.52896093128059,24,3,1
1.60550176033841,65.63841971797724,40.88317590656699,19,3,1
3.260787421513235,54.96861849619909,16.857415960139548,17,5,1
0.46391026071753694,2.4955914009617453,5.379354195701347,0,0,0
0.6709705947224597,75.33363136068735,112.27393452689627,7,5,1
3.9883701888902245,63.398530211370066,15.895809127717797,18,3,1
2.844723888136176,2.8669305052080714,1.0078027042052915,0,0,0
1.7815057705384025,0.9759058293077805,0.5477952232849704,0,0,0
4.035594299705381,83.64466976658352,20.726677730195203,15,2,1
0.2640984028254753,1.2591552457397222,4.76756980190358,0,0,0
2.4356969383900524,84.1242685233511,34.537927037706496,6,2,1
2.545645886584861,1.6037934459365746,0.6300118780343689,0,0,0
2.2607416013009853,22.33943408942481,9.88141911591226,19,5,1
3.0555969004105834,58.85125481605488,19.260087024985776,14,4,1
3.387803548560082,72.5899066423431,21.426771456533043,12,3,1
4.232040794835195,93.54038247497236,22.102849660767138,4,3,1
2.1835164472353954,2.774185460562455,1.270506919700883,0,0,0
2.9124747074379758,2.3556565268690353,0.8088133547458982,0,0,0
0.4445719571774086,0.46433136500902517,1.0444224231613062,0,0,0
1.3125933325595822,136.68899206594648,104.135795388697,5,4,1
2.6123214885891084,38.70934547939315,14.817930131944948,7,5,1
0.9907232426610755,62.43305117841511,63.017014560571404,7,6,1
4.230870675385294,149.6179839424728,35.36331922876732,17,1,1
2.4998598971439354,2.3742045797403466,0.9497312569957502,0,0,0
0.32259837947734027,0.1129810752466694,0.3502112233715401,0,0,0
2.952212270874144,0.5362057369511511,0.18162783413742836,0,0,0
2.7701449859936425,0.2241832690571529,0.08092806005102973,0,0,0
4.953275070698855,115.48547378092951,23.31492577806263,7,5,1
1.5293072948975952,1.3532982164900944,0.884903493215718,0,0,0
1.2991384894414961,86.09670557590167,66.27164352314695,10,3,1
1.988575633420327,0.43043839395477124,0.2164545427266443,0,0,0
1.2686425184189682,0.6379259964581768,0.5028374493381204,0,0,0
0.2129202483942303,2.695070846275022,12.657059608014102,0,0,0
1.2101164168655247,2.6476759344146137,2.187933341107152,0,0,0
0.6139960222590316,141.43635757383083,230.35011456966276,6,2,1
0.6253331136505729,2.2114653472914467,3.536403134563279,0,0,0
2.372996175007652,1.8181021938092516,0.7661599084559436,0,0,0
0.8794344847415521,110.90233240417024,126.10498368951829,4,7,1
1.0907592268027453,2.110240126390735,1.9346348196641512,0,0,0
1.3528548900240673,3.139143096920774,2.320367037439288,0,0,0
2.755861609753157,1.6589141122033133,0.6019562400266905,0,0,0
1.4188165934027173,2.191837536718973,1.5448241151601008,0,0,0
1.9173676440404779,142.1204795005024,74.12232010852739,16,7,1
4.8562753281827336,73.27990211861658,15.089702759709672,23,2,1
1.1863765824167667,2.040165738714133,1.7196466724683854,0,0,0
2.1406893346363076,1.7761652775992223,0.8297126312233766,0,0,0
3.244112369221717,119.29219747709524,36.77179338512872,12,7,1
0.6068764648617612,2.108893985971164,3.4749398908600404,0,0,0
2.119646440404711,2.2766528981636713,1.0740669359271189,0,0,0
1.8612408086998913,0.37459285287359667,0.2012586649379375,0,0,0
0.9287723110250236,0.7299915823668706,0.7859662847812386,0,0,0
1.7987491856930435,3.0147137484173685,1.67599630478375,0,0,0
1.0700827373516033,0.18120979644940088,0.16934027315976471,0,0,0
1.9762785730215686,38.40755291357952,19.43418255708366,15,8,1
3.7362676472067036,108.17789977780826,28.953388905314267,10,5,1
4.561331541438106,53.26814245798584,11.678174496267033,12,9,1
0.6871936244791884,3.0700277883700786,4.467420832794303,0,0,0
2.298891579541865,2.257663915966756,0.9820620143367221,0,0,0
1.3299789467769194,2.382977130436641,1.7917270186429153,0,0,0
4.507611440375234,103.5797223994047,22.97879796906421,22,7,1
1.2613916618672718,52.02534977145146,41.24407898308739,8,3,1
1.4762971617308576,74.18937906980591,50.25334902719331,13,1,1
1.8210117186762775,124.3060248418899,68.26169263497276,17,1,1
1.1545258468999526,3.1125244564349783,2.6959097587072987,1,0,0
1.2019802355134201,80.58577544615387,67.04361904548445,17,1,1
3.1473497525535232,131.21542878586558,41.690635676270425,7,4,1
2.229887403019215,1.2915006194248182,0.5791749062876904,0,0,0
1.5320607173250933,1.301711296912506,0.8496417836281203,0,0,0
1.2919611182700828,2.9135941079253205,2.25515421105276,0,0,0
1.5806841966327236,2.0069003356777193,1.269632253950778,0,0,0
0.3563163462551042,2.2667413683108957,6.361419502469432,0,0,0
2.514083658321223,0.7582512431026561,0.30160023696530686,0,0,0
2.7612307045299618,30.269277127732177,10.962201548772558,16,2,1
1.1929139530068467,2.8153052674996735,2.360003972091853,0,0,0
1.6578605772377055,147.69756441872985,89.08871804988489,9,4,1
1.5568033305975633,77.21727926140302,49.59957481335552,8,7,1
1.043007034726411,71.88588706387041,68.92110547621732,21,7,1
1.6869079266754354,47.443588900552136,28.124420370618495,11,6,1
2.2992683476764553,140.90654344478793,61.28294279254253,8,8,1
3.746264240377695,99.40355707076453,26.533977678244607,6,2,1
1.8624827809773925,0.8605921739152543,0.4620647031252576,0,0,0
2.662047812659576,1.489789071645209,0.5596381357912016,0,0,0
0.43282972842073064,2.7664330493832487,6.391356587060347,0,0,0
2.651529469030257,2.11091715540783,0.7961100259163225,0,0,0
2.7319805338796557,126.3530165184249,46.24943423174787,19,8,1
1.6876635642999986,136.49774237861828,80.87923237408405,12,7,1
1.774734485531157,104.15222315711996,58.685756742018334,4,6,1
1.6557489251141373,63.9487337002814,38.62200754610046,8,8,1
2.305605305751562,44.46688183550165,19.286340494259846,12,7,1
2.9452419328170136,2.113477682093087,0.7175880808510773,0,0,0
3.3335041607083666,130.57973028864876,39.17179408678461,8,4,1
0.9794979279460271,0.41324201413300476,0.4218873603193289,0,0,0
2.733971069303296,0.8426418610676145,0.30821056902283017,0,0,0
1.5518103774042118,2.562998187921321,1.6516075089879567,0,0,0
1.0816699503338714,0.12198461960055007,0.11277330190219231,0,0,0
4.965459095292869,32.16963124038897,6.4786691092055975,10,7,1
1.1430591275468966,2.2304264647281173,1.9512612238200875,0,0,0
1.2819942048640691,2.66530865852954,2.0790170955891227,0,0,0
4.018785199012767,93.81749180443205,23.344680969928174,10,8,1
2.177551624678487,0.9399223647807328,0.43163984620619433,0,0,0
0.6702953963635802,2.3860208658891,3.55960265102043,0,0,0
4.481956885249379,87.29545867160508,19.47704231347705,16,2,1
0.3697504868617575,0.5459906956643223,1.4766063845768682,0,0,0
2.9038519494179273,0.7953097981836397,0.27388003012438583,0,0,0
2.183333498253429,69.75861768448472,31.95036316561654,14,4,1
2.9097457803285054,2.423920678403067,0.8330323440853896,0,0,0
1.2926361719330832,85.79890669079616,66.37462637009823,8,2,1
4.810728974352489,34.25833744887688,7.121221423884873,22,4,1
0.6683503010155211,0.24020459562266802,0.35939387072765394,0,0,0
0.5807461664734996,3.0316642557008753,5.2202015763516005,0,0,0
0.8229474645317373,1.3721870614104523,1.6673851572526008,0,0,0
3.48175781947818,17.65723407649085,5.071341626431937,3,4,1
1.323565779123753,70.60156782717098,53.34153808247484,5,2,1
1.6919844849319743,147.87249676822262,87.39537751753826,17,4,1
2.2369338603381284,2.774670940384009,1.2403847005640094,0,0,0
2.9325506381625175,124.60773051958714,42.49110108688623,3,1,1
0.527178828409014,0.12430893139294213,0.23579583764718617,0,0,0
1.429254090336288,1.7389926916405634,1.2167049486504624,0,0,0
2.5674729962340765,0.9870186316207744,0.3844304453305085,0,0,0
1.9875443702368631,1.7521691383091396,0.8815704186750514,0,0,0
4.3451696150679,140.45023165171543,32.32322805820783,10,7,1
1.9292342185006,1.5125136032636202,0.7839928137450317,0,0,0
3.367636617243488,84.88249201737668,25.205284777431707,8,2,1
4.6944653478611995,94.86590859375985,20.207989511965533,4,9,1
2.1812627491942096,118.17315881507132,54.17624130624014,5,5,1
2.643881568358014,1.31657983301017,0.49797043447883543,0,0,0
3.906331191166954,131.18123623113922,33.58161251448469,7,9,1
4.6890454888202004,16.588287739544686,3.5376607888507667,24,7,1
1.8764630581999757,2.8084656397456698,1.4966725088180677,0,0,0
1.9588000314863974,1.5451629324954268,0.7888273531675329,0,0,0
4.526044197423504,37.12923537633756,8.203444712940845,19,8,1
2.2635301498697276,1.908443171801195,0.8431231811421727,1,0,0
1.666132287432712,115.52149666545631,69.33471260936452,15,1,1
1.7186964332822783,1.1757072397778199,0.6840651882197982,0,0,0
4.725981014680431,112.40409027886218,23.784236984306432,18,9,1
1.6242437675793964,93.92397120330273,57.82592171128306,9,2,1
1.67248789592636,1.930077840422196,1.1540091291733243,0,0,0
1.2280460131500168,23.10987772792263,18.818260307723907,18,3,1
2.1393437615766073,106.57733497642771,49.817536907914196,10,1,1
2.0123265900377927,1.8912018557783628,0.9398039399277857,0,0,0
0.7265107292778388,2.0207226601832717,2.781369586235852,0,0,0
2.9935401005617215,105.37845052901088,35.20183293716622,22,9,1
1.467716459066259,0.8051929714499739,0.548598798145414,0,0,0
1.6799231473006853,0.48949482647817333,0.29137756300879775,0,0,0
0.9639636031703831,62.810816562531826,65.15823291836547,10,3,1
2.1205377795560367,2.0497228250176405,0.9666006325246657,0,0,0
1.6438695732100836,45.30383737286138,27.559097461375696,19,5,1
2.9712402809425775,135.11427019571266,45.47387712920973,15,5,1
4.701521433116297,15.57803730787399,3.3133963963628044,13,8,1
1.4512407571548491,55.080916026185804,37.95409976851343,12,7,1
2.1986824166812173,75.87249065550881,34.508005794659255,14,8,1
0.8694457989108542,1.9648170258294548,2.2598239361802324,0,0,0
2.607507935939044,63.84295678151261,24.484187012320927,22,2,1
1.5905695185634514,2.5293243394975438,1.5901904368678967,0,0,0
1.9975918159288872,0.8192563589573132,0.41011995104557813,0,0,0
2.5330922503822313,0.13539574870762827,0.05345056587715628,0,0,0
1.940289010895881,2.573533894809272,1.3263594324160437,0,0,0
3.6648951705589394,149.1053264016236,40.68463424358764,13,3,1
1.911524349677365,1.2840128829239774,0.671718446043461,0,0,0
2.8667479790502948,1.9791413667977282,0.6903761605482239,0,0,0
1.7908205268121073,1.4064161068367438,0.7853429376928998,0,0,0
4.916731575169132,101.00141972298971,20.54234866299951,5,7,1
4.978921815269246,25.34367488050257,5.090183159925853,10,4,1
2.856320128800392,63.909554772725635,22.374708766443085,8,7,1
0.42025240389219776,0.9964810835174445,2.3710926180611995,0,0,0
2.389305917682621,42.75997919685797,17.896327095301213,3,1,1
1.374568856718361,130.46662970484164,94.91389240215346,14,9,1
0.7414252105595693,110.29413003203241,148.75761018793835,14,1,1
4.279883682126059,149.4587918777242,34.921145939186,4,1,1
2.2702319756306455,1.461552863874124,0.6437872612535597,0,0,0
0.5609697380614518,110.55083707893515,197.06743323913958,5,7,1
3.8684076707330983,121.64655750226433,31.446076369310777,5,9,1
1.8261172189679369,0.5664640401185922,0.31019965872845257,1,0,0
1.4151302023501635,124.0707990159671,87.67385649133506,19,9,1
1.685459810095511,0.6730488121291338,0.39932415763115564,1,0,0
4.5908187264222065,87.4846402917158,19.05639384632318,20,7,1
4.637937054496322,125.2226480178982,26.999585494728617,14,5,1
2.978202156259288,2.973703000565316,0.9984859521560626,0,0,0
0.9663041634074419,3.0161056598575557,3.1212474928672127,0,0,0
1.9926282406050655,149.0780565957749,74.81441114494886,6,6,1
4.068879222094731,108.5511921594451,26.67833559340826,11,5,1
1.7396691873041608,67.26597819728772,38.66573715900133,6,3,1
0.3651237762697007,2.0396139280101933,5.585936061153823,0,0,0
0.6935723162661235,1.9325039401014013,2.786264722700789,0,0,0
2.566539701700989,91.15713740786953,35.51738637574594,21,2,1
4.683139608860563,39.78324969294471,8.494977315624176,9,3,1
0.5838945849263831,1.4346409492328436,2.45697839384789,0,0,0
4.205380231480142,63.7064341456281,15.148756866543108,18,1,1
2.9488979890349585,0.44732059672096225,0.15169025225074914,0,0,0
0.4440964334519414,131.58016840477183,296.2807077169051,10,2,1
1.6108290990632221,49.2782448304538,30.591661736489627,21,2,1
1.4279108558685072,1.3228861116004584,0.9264421807158469,0,0,0
0.26976384927675523,25.928209773018068,96.11090860930287,15,7,1
3.595817553064903,146.58070589469463,40.764108882183905,23,2,1
2.25035686736501,28.761063726652154,12.78061108335146,8,8,1
4.140033136183284,46.90627034930829,11.329898942200709,13,1,1
2.914896933190608,83.028258426381,28.48401692725732,10,2,1
1.3445335266791334,0.3321771102061496,0.2470556762313144,0,0,0
0.7355951030395587,34.945753799124745,47.5061329165976,20,2,1
1.8886724627723694,2.402932630370611,1.2722798446719208,0,0,0
1.956782759791692,126.94134403715167,64.87214519879205,10,5,1
2.436443443555154,1.9145985296299317,0.7858137140663943,0,0,0
2.8563315946683576,1.9030291082665,0.6662470314540428,0,0,0
2.1774064634998345,103.26293376003827,47.42452144136923,24,4,1
0.24435962434646896,124.10120161826872,507.8421753528465,13,1,1
0.4479784439791505,60.485128120145184,135.01492936491945,14,3,1
1.819828569141674,1.313729664351271,0.7218935166160869,0,0,0
2.5269346884341455,29.280152430699044,11.58717583519522,6,5,1
0.18834469029598438,0.7337899546392465,3.895788066047912,0,0,0
2.5306494274670635,2.5887138979559516,1.0229404517489715,1,0,0
2.810716754916073,0.8777252096611707,0.3122769611546175,0,0,0
4.534405208727182,124.8992187972019,27.544724743515786,10,4,1
0.9798180765244862,2.5238618302903584,2.5758210963321857,0,0,0
4.408870391606991,86.21446018495355,19.554728758139273,8,6,1
1.3507749483889424,1.2750255046874088,0.9439145040875007,0,0,0
2.634749591440947,149.43915623169684,56.7183270599534,7,4,1
4.394344741578816,31.176342425751077,7.09463488023954,22,9,1
2.592971501522559,0.6233110179321489,0.240383904615652,0,0,0
1.9252560505922613,2.2568209358523132,1.1722125028683994,0,0,0
1.8422972330848955,2.272683661456028,1.2336073053626775,0,0,0
0.9192385913212715,1.1944562139609376,1.2993832410927055,0,0,0
2.4164977587021395,137.89675675166848,57.06447920768531,24,3,1
2.767539614636693,62.04873522058154,22.420098592785994,15,5,1
3.801694987560045,97.55133014161635,25.65988956555656,6,1,1
2.1411855657395606,0.11352613591595817,0.05301997525702267,0,0,0
1.3474139230807962,1.4570716704631983,1.0813758354027883,0,0,0
2.5775247052827623,72.73839138451724,28.220140444835504,9,6,1
0.6970577657171313,1.1926912455243885,1.7110119046996362,0,0,0
4.466504472288413,115.67405404698346,25.898058713267307,19,6,1
0.4684754866904659,1.7189541061698936,3.6691725891300186,0,0,0
3.948677123446651,64.50006901307546,16.334560575864497,15,5,1
1.1897459804249708,48.730262470574495,40.95819922095996,22,9,1
0.48482350787067147,103.77172128092268,214.0357867109375,13,6,1
3.2070265052194684,87.64073828799732,27.327639752575802,19,8,1
2.3869319125511392,0.5701921271715287,0.238879766689468,0,0,0
0.8854135286600152,1.460811404187472,1.6498447995822283,0,0,0
0.258239684019827,1.9583295329420216,7.583085882078646,0,0,0
2.461721659879408,0.9690377329093788,0.3936406833866079,0,0,0
2.4024118870103686,3.0170761999807554,1.2558477827286518,0,0,0
0.41823497616476013,1.7986744158184482,4.300528442234994,0,0,0
2.632636455996342,2.072503197335669,0.7872318717977331,0,0,0
1.772742966950942,0.46955237280577744,0.26487185838046406,0,0,0
4.04247259807272,49.262681745058934,12.186244603389323,18,1,1
1.2034790181481574,129.54509834105485,107.6412799681293,14,1,1
2.449288688583247,94.82565510463803,38.71543129739241,21,5,1
2.9916610504573624,1.4211620369315163,0.47503953909446395,0,0,0
1.9442269477974616,1.9578365600322571,1.0069948327286968,0,0,0
2.1773434333388657,141.145457267114,64.82432071245057,18,5,1
2.215377784554902,83.60211171185358,37.737010330518835,7,2,1
1.5203790171658982,1.7388354723667545,1.1436780013105161,0,0,0
4.037977491689614,93.38366766511776,23.126289483884275,21,2,1
1.50845257462393,93.07152997852835,61.69959503419017,20,5,1
1.4608147295863256,118.58268896461007,81.17516534525681,12,2,1
0.606697679793526,99.10133983789291,163.3428142390071,20,7,1
2.80206324415193,118.34229755471544,42.233834465855544,14,7,1
2.6154052004074066,16.900754543190242,6.461977639557034,24,8,1
2.71203540563265,1.407334873307712,0.5189201000782718,0,0,0
3.82882036051557,76.06239473193028,19.86569985348949,14,5,1
2.4363815355536915,0.7953875324459314,0.3264612936135376,0,0,0
3.633136896716639,38.10994041774191,10.489512673485008,4,7,1
1.7303231497904223,95.12201613594995,54.973238042322144,19,7,1
0.9643514050543851,0.4266312589776551,0.44239769109548227,0,0,0
4.601704217026671,78.16243834058076,16.9855046737527,11,7,1
1.9918639525898596,71.3655788245166,35.8283608918758,14,4,1
2.205341738957357,2.63513452255653,1.1948817397275435,0,0,0
2.4084926074769024,41.11537578161156,17.070928490579124,14,1,1
3.9178415718737196,43.22645369142855,11.033203504122394,5,5,1
0.7590570553230207,1.7857399182144156,2.352545675236155,0,0,0
1.7918362048217493,1.3426393919672839,0.7493050398825093,0,0,0
0.45741762858439916,1.0538051773816406,2.3037637246417546,0,0,0
2.1754675834161312,36.432318540131256,16.74681404113663,6,8,1
2.915726723853394,0.6491759219901393,0.22264558959637415,0,0,0
2.1925144489036765,27.06088680940202,12.342342099278856,17,7,1
2.3561564175557166,0.7834584910980464,0.332514072546202,0,0,0
0.4594286112786875,76.72610664863849,166.99969215712645,19,8,1
2.903204440598712,1.4746612187917367,0.5079408527906145,0,0,0
2.11729262484074,0.10997661717326392,0.051941850863919926,0,0,0
4.9351379260625095,73.19326797925658,14.831018051702774,13,9,1
2.451392223996622,83.09734071856398,33.89788093733837,13,4,1
4.067383003909777,29.602867319352512,7.278093680865555,3,4,1
4.007219935971399,96.0615177821446,23.97205034825589,14,3,1
2.040878046077421,1.4890650105775374,0.7296162145883085,0,0,0
0.6704259913805202,110.03218112696489,164.12033742459658,20,2,1
2.998299804734933,0.2494573204677237,0.08319931451839316,1,0,0
0.9486997832354827,1.7908266456563107,1.887644332652363,0,0,0
1.964054499091791,2.324796089159849,1.1836658573253906,1,0,0
3.3129639633600436,112.92759622434741,34.08647259932444,20,6,1
1.0995741823221292,75.5105885846103,68.67194872260272,6,5,1
2.148102458753839,0.35218121998988927,0.1639491538511891,0,0,0
2.736832813867278,1.247719775622188,0.4558974922856843,0,0,0
2.3322211130609527,2.613899097285093,1.1207719006262904,0,0,0
0.24620864344640667,2.860191394651325,11.616469632909379,0,0,0
0.4104648919838235,59.09395727598118,143.96485249165988,15,7,1
4.043325444400309,76.03379777818242,18.804721701604812,20,6,1
1.7439798626947856,32.841839965878194,18.831439716703112,8,2,1
3.341917717873271,143.8026785118106,43.02985900704143,19,5,1
1.3460047569429119,2.805463776502266,2.084274159723238,0,0,0
0.8564628132900578,0.1281698083487706,0.14964842591607622,0,0,0
3.8566652237837715,59.42794384249254,15.409112874220188,24,1,1
1.6554538242492376,109.22871365220199,65.98073123206896,17,8,1
1.781802240914634,66.51884096384153,37.33212705380018,11,7,1
2.2898980414534953,2.0229596091957407,0.8834239509075168,0,0,0
1.6302646520429154,0.7560712855665698,0.4637692701773461,1,0,0
2.1065950606731065,43.644351646527895,20.71786138811542,22,2,1
1.967322335269279,1.743936613072391,0.8864473895986106,0,0,0
4.0349530979441885,123.41001670360869,30.58516613608834,14,3,1
4.187310104950467,34.45403500945041,8.228182738815947,14,1,1
0.3838758408303745,36.90679729547508,96.14003271296187,17,2,1
0.8689951494317312,2.1548653416674637,2.4796922585287273,1,0,0
3.782023492880986,96.62271632320491,25.547821431269767,13,5,1
1.9585367599293224,0.663828261637349,0.33893919472277717,0,0,0
2.30055501794408,145.71078687983538,63.33695667947307,22,6,1
0.6523536822907876,100.55863407279695,154.14505252604403,9,9,1
0.7426542456056486,117.25238895539884,157.88075115933256,3,7,1
0.7437192696055533,0.8163318694230213,1.097619661864288,0,0,0
0.41327468697900493,1.1504680129501301,2.783717977454544,0,0,0
2.2989632681941656,0.1762194410222847,0.07665136583371601,0,0,0
2.887452635089351,2.906586990063798,1.006623238944131,0,0,0
2.647471751386929,29.151056527003348,11.010862118967227,4,1,1
0.6983677833767983,1.2292365692490341,1.7601312620590908,0,0,0
1.8484668224935668,69.12186754818202,37.393959560140814,15,4,1
0.41686620989790213,2.7472820975618086,6.5901628165220805,0,0,0
2.3602492666586823,60.60530084841115,25.677391337692942,10,2,1
0.21682800445619554,1.3568107579313804,6.25725532447185,0,0,0
0.9200198254742858,1.0439203154974943,1.1346592105960713,1,0,0
1.564243208625404,2.48311610722379,1.5874131461145233,0,0,0
1.1852361427340965,116.9443117656791,98.66668833523039,4,9,1
2.7814611942730463,0.274295314038014,0.09861519134290465,0,0,0
3.542064681442559,22.131327005358457,6.248125461980708,24,7,1
1.981052974629565,0.9533934617007666,0.4812534855834351,0,0,0
2.5333891265188737,1.8070474236333494,0.7132896686975655,0,0,0
0.7305985492003297,139.48250823226476,190.91277864861019,17,8,1
1.9624142033361087,88.21049670884568,44.94975987296141,16,1,1
2.58418942254446,68.13300571967733,26.36522751506231,8,9,1
1.0649154818800994,3.0137655559456977,2.8300248301176616,0,0,0
0.2456554332455239,0.3259956896405009,1.3269904737256748,0,0,0
0.3823639919945412,2.289753190110988,5.988255577130562,0,0,0
1.6311217101274669,32.072673129482105,19.662834662797245,16,1,1
1.1309297302799366,2.5620117269589615,2.2653830777744433,0,0,0
1.8361096041714062,0.5836577853715532,0.31787568960407836,0,0,0
2.9308227480546383,134.03071090120892,45.73127244813706,3,2,1
0.932700078445269,2.5578486990049023,2.7423834673991845,0,0,0
1.9602015098827705,98.93182000251875,50.469971992173086,14,8,1
0.7074778900694474,104.74904740833301,148.0577249146283,12,3,1
4.743211622735409,48.28037493831472,10.178814902279752,16,4,1
2.2505417145538056,1.7946995211816665,0.7974486920588197,0,0,0
2.5233869130936726,147.0663806098634,58.281112989696375,6,1,1
2.2776853126192207,41.685576478026306,18.301647392025515,4,8,1
0.8328157654568682,104.68647934773645,125.70033696100644,3,2,1
3.039958714513618,56.91787159418025,18.723176762457854,22,1,1
2.4991762342380133,0.22993717182039836,0.092004816876124,0,0,0
2.534844008125144,33.1517005035537,13.078347075330667,21,4,1
1.3949289190249892,58.79916086573394,42.151781747427606,5,7,1
2.1884566366997267,0.9903857485359675,0.4525477939337009,0,0,0
1.9534127562846484,1.1569821182932645,0.5922845500652454,1,0,0
0.8003398072449167,0.2250875632650691,0.2812364808831516,0,0,0
1.0497989170875506,100.59010360115839,95.81753589998274,11,5,1
1.0429545647895986,65.20595993805875,62.51982295411255,17,1,1
0.7983310666122024,1.2991024503608282,1.627252442209481,0,0,0
0.6387890084945174,39.061647141358506,61.14857196384293,21,1,1
2.9823582256463173,15.146747673665892,5.078765104662218,23,1,1
0.30941823747204505,2.221749619314853,7.180177340846517,0,0,0
2.2155738630919504,2.4730899868724405,1.1162249500324164,0,0,0
0.33700350266565693,1.520731988738835,4.51237703151472,0,0,0
2.7169977965297,1.1662688283288254,0.4292475089024194,0,0,0
3.490268408217637,31.253995501973872,8.954585235489622,22,3,1
0.4485605309267237,138.68014152035272,309.1601698262404,13,1,1
2.0286063561841408,0.6436509637326937,0.3172857015426077,0,0,0
2.3869833975499786,1.7035340749689891,0.7136735596828649,0,0,0
2.289887490591068,1.9185341466793544,0.8378253413361935,0,0,0
2.369034855417085,3.1767953225021115,1.3409603939064367,0,0,0
0.5812691963577765,2.8339760507443965,4.875412828296178,0,0,0
1.290315626417342,67.59951234333141,52.38949840206232,3,6,1
2.916337631368029,1.842785314300028,0.6318812251595658,0,0,0
1.3552357710657996,1.7601816666031747,1.298791484306882,0,0,0
2.251499348180274,2.730118675180627,1.212572658153597,0,0,0
3.7659143076724733,107.55641398355803,28.560429046443897,10,1,1
3.9533725614663293,36.01247902281476,9.109282611257726,24,9,1
2.0461701555493303,2.5968331334425354,1.2691126567715996,0,0,0
2.5648820584592955,0.7083617217891135,0.2761760361231806,0,0,0
1.7910776353887923,2.3636873250474726,1.319693843196224,0,0,0
0.838393217958268,18.01948215674795,21.492620460868604,5,1,1
4.566016136258131,100.57507734737965,22.02682909515738,24,9,1
0.6553794208408629,149.57459986102168,228.22248132891417,12,8,1
2.3626166807533373,1.8480680552717474,0.7822090854753575,0,0,0
3.4261043216660707,49.04634679276896,14.315443732455027,17,3,1
4.909268597664846,114.95107008703766,23.41506349664398,13,5,1
0.4790802384102961,2.1822974636565884,4.555086471596305,0,0,0
2.3322652062855527,3.12377213982271,1.3393668686285602,0,0,0
2.319553755188318,0.884381656852785,0.38127068284914845,0,0,0
0.8705716558011303,130.1700962719578,149.5208351848077,10,5,1
4.914869894507342,110.66375405874268,22.516064773508653,3,5,1
3.6649483514960024,134.32545206804917,36.651290188118715,20,5,1
2.765703290055803,1.4136873717858627,0.5111474775309551,0,0,0
1.3400438677396782,1.4718910959257114,1.0983820362448624,0,0,0
1.7883763651229303,1.2506345126566456,0.6993089060879075,0,0,0
0.7174027873545981,80.82351645855667,112.65970983955678,10,9,1
3.978801452812942,70.18003996234654,17.63844323729656,12,5,1
2.8648683502080754,0.2867035291909221,0.10007528912007692,0,0,0
2.0959532986353557,60.22615694428893,28.734356648086873,19,6,1
4.874146404698859,16.106773352679895,3.304525340457355,23,4,1
0.8420513363696105,134.56975832796448,159.8099241892957,6,3,1
1.2336605378393706,3.127015241249772,2.5347247464678637,1,0,0
0.30390993241879,85.20263874908571,280.34567549087154,20,8,1
4.017377815026668,100.15526396916582,24.930444502904177,3,5,1
0.7063823573098813,0.5040947031341232,0.7136185689406973,0,0,0
1.733884257003177,2.5917951604987732,1.4947827124004507,0,0,0
2.864766702992743,113.6061957776643,39.6562132256184,12,9,1
2.6569027743461735,2.6237896253326016,0.9875332192560506,0,0,0
1.4490962756227828,0.28644126206243414,0.19766753265859,0,0,0
2.272317554445676,76.15474361204511,33.51398149578075,23,8,1
0.5821404580141318,1.2771859549471112,2.1939104184576754,0,0,0
1.945079145671829,86.75060018610816,44.59980684131817,16,8,1
4.001431961430094,115.27484654956581,28.808326513466962,5,8,1
1.8775288750788848,139.43320177169392,74.26381611716862,20,6,1
1.7168226697586901,57.404825577065054,33.43647088515248,5,1,1
0.47430661609955627,1.023364135009655,2.1575548911296347,0,0,0
2.7454038866664243,2.062853892176894,0.7513817505606348,0,0,0
0.20423259401055205,1.5433538562106266,7.556474023880103,0,0,0
0.9621432918912675,0.3854076568556739,0.4005678306188539,0,0,0
2.3179484226186866,0.6419997445072789,0.2769677567305056,0,0,0
1.827620543660864,110.83588350649623,60.64457824418095,10,5,1
4.679480294331816,141.67881603996233,30.27654875394771,3,8,1
2.1704626342691102,2.64985786259101,1.2208667461422884,0,0,0
1.0410766033573533,119.58741905226113,114.86788771136717,6,7,1
4.171908606833629,63.61589159101552,15.248593653484106,17,8,1
2.51457414264578,2.592913251450041,1.0311499255387195,0,0,0
4.636900861730242,89.1262350467776,19.22103695854109,19,9,1
4.79512088619465,149.39899016391408,31.15639462397972,22,6,1
1.1138817565423944,1.9486741422400056,1.749428641333014,0,0,0
0.6778839757537223,2.820157144628894,4.160174371653441,0,0,0
2.4379837113998777,2.419605040189341,0.9924574574886913,0,0,0
2.3615516459383166,0.4316399803635711,0.18277735036303405,0,0,0
3.3685707343816356,127.87070214752318,37.95981519528466,4,7,1
2.534081627832407,0.11184176024160764,0.04413485251015727,0,0,0
1.7882943345111926,1.172237476554166,0.6555022285256499,0,0,0
0.582296619366876,72.99637036555382,125.3572738790442,11,4,1
0.7159934581252596,131.41039429150675,183.53318381392157,12,8,1
3.904666248695526,133.1296617181099,34.094929576449736,22,7,1
2.1333048238106738,2.2083468448856154,1.0351715650392914,0,0,0
1.7327210241025952,49.04732429150967,28.30636931482885,23,2,1
0.2728902434995112,2.245356714423209,8.22775636118929,0,0,0
4.28373675359677,72.23062222900495,16.86155283767833,20,7,1
4.522960314089357,32.66657600235612,7.222372408812312,16,9,1
1.061537627294862,2.750593625021799,2.5911165493639947,0,0,0
1.3150123439606207,1.5198887114099928,1.1557892673004702,0,0,0
1.7074112144846918,77.04593920116018,45.12415480582688,9,8,1
2.3010328123766888,1.6519205502351861,0.7179008323313025,0,0,0
1.024164015441483,103.25820791758689,100.82096046254028,20,3,1
1.3164985383140284,30.593291931122934,23.23820244288114,8,7,1
1.5082101290122536,0.18536383159534303,0.12290237216018288,0,0,0
0.3413468920034096,2.7751748322703573,8.129833899011002,0,0,0
2.0802932654296553,94.5516877670067,45.450915420967945,8,3,1
3.0406779567839646,24.75096201678451,8.139921744210408,23,6,1
1.7824998707592636,1.7541678948533233,0.9840999613124901,0,0,0
1.8368820469721745,40.34329019226694,21.962798662428998,24,2,1
2.1079423636286134,44.31395454508571,21.02227512807927,6,2,1
3.2599942540839835,102.11249696868099,31.322810956690976,3,4,1
1.170253763106658,0.47517750150409843,0.40604307890612745,0,0,0
1.9591497003882625,1.0661240416294115,0.5441741382380053,0,0,0
0.5899116829092772,0.9636300509990717,1.6334881034492614,0,0,0
1.7387244128791952,33.22209561967168,19.107055898582423,13,1,1
2.0709215341869793,68.01565183946929,32.84302291826916,21,4,1
1.8424947476415556,41.25257508961236,22.38939961615649,15,5,1
2.8905888916005003,59.82997526121576,20.69812433508836,8,5,1
1.9697740352190143,108.15348623198838,54.90626601609304,17,3,1
4.443906622331465,115.99961132892406,26.10301254213582,19,2,1
1.7564776334924497,2.776637891147092,1.5807898889821745,0,0,0
2.0814504146128283,0.33600566441993057,0.16142784271130656,0,0,0
4.872292598893008,74.22243489147213,15.233543768060619,15,6,1
2.0881393329640168,1.4339482741883345,0.6867077232225155,0,0,0
0.23093895679564666,1.4574896501430281,6.310873495015074,0,0,0
0.8534303850860634,2.065417679608795,2.420107737695718,0,0,0
4.534868033836687,131.6711313053102,29.03520895663675,9,6,1
0.8429553918741293,0.7840182848274202,0.930071735310919,0,0,0
1.1292815165433292,0.26116699113089326,0.23126622958286666,0,0,0
1.734167002438742,37.628911118478904,21.69842586169811,19,3,1
2.2525870375316317,0.1781171939453159,0.07907192941197087,0,0,0
4.849465593441322,27.81256781842053,5.735170181294585,5,1,1
1.151342654824007,133.04373428062465,115.55428627639841,16,8,1
1.551042394025126,2.241740327307551,1.445302773744493,0,0,0
1.3365552347247054,1.7992501284568685,1.3461745687463307,0,0,0
2.280625758718994,68.5582260632321,30.061015136297097,23,5,1
2.711212365773658,2.062614517547131,0.7607692174516846,0,0,0
0.7078641193112682,99.80789060756094,140.99666576971316,20,6,1
0.7104701250294945,2.607973284904197,3.6707195501013223,0,0,0
2.6222770685507615,146.70187755307109,55.944247795168984,4,1,1
2.44275323162965,2.463083917807509,1.0083187293450058,0,0,0
1.5359249283405256,1.589818389712609,1.0350818647182538,0,0,0
1.2884413635224765,140.75120223405503,109.24060171682194,19,3,1
0.6686833669413395,1.9934182203348818,2.9810647434009208,0,0,0
2.4470813209795317,134.81815754306587,55.09322696183659,16,5,1
1.3468001244314296,2.1861965294227406,1.6232403438054543,0,0,0
0.40550190499586625,0.7893200447193279,1.9464781058089384,0,0,0
2.1678335468395242,2.16579478209244,0.9990549296096247,1,0,0
2.9642372231902763,3.0265839530285015,1.021029531326046,0,0,0
2.459649064004971,67.4376748657607,27.417488810808784,12,9,1
0.857439845812332,83.4139554969014,97.28143973001309,3,3,1
2.4468034889007044,148.15803239327505,60.55142047620432,6,1,1
4.341299731804283,36.9918583544482,8.520898217293077,6,9,1
2.8989560132841095,49.03331904091049,16.914071712542373,18,8,1
1.2530758978033247,0.9192564157917817,0.7335940955071394,0,0,0
0.3455961914383898,1.546748674741666,4.475465755703628,0,0,0
1.5083510523856711,138.59261829313107,91.88292025568323,14,7,1
2.5782041259341333,28.530814646789374,11.066115246130748,23,7,1
0.48154628686905343,2.319057390514475,4.815755611025968,0,0,0
1.9693791319917855,23.888692208668378,12.130001034639617,18,1,1
0.9767664231193318,0.9039381816829929,0.9254299758754104,0,0,0
4.473059218661869,51.497059716903884,11.512690101475643,16,3,1
2.904402298242824,0.26017303713967943,0.08957854823059547,0,0,0
2.650239864740867,3.093390477280741,1.1672071069356333,0,0,0
0.35723734789546124,0.4739712004118626,1.3267311939585271,0,0,0
1.9199184322437841,1.9113743669616108,0.9955445915907519,0,0,0
1.1116125316300274,1.261957265484993,1.1352390128639462,0,0,0
3.657997131643246,84.05738622169689,22.979011028864974,15,7,1
2.7311344620793268,134.65976735789803,49.30525251504869,7,3,1
2.5858198452963834,2.909044089773876,1.1249943978585515,0,0,0
1.8379679323185272,1.692494351167445,0.9208458498913743,0,0,0
4.041559325151148,99.30993207418686,24.572121392591193,19,7,1
1.3799702366394382,113.39099431252063,82.16856394164975,18,7,1
1.7162777917617233,0.22083589404950427,0.12867066648701272,0,0,0
2.9919263968304324,146.68582075821843,49.02705181621273,17,6,1
4.051768378311169,114.45259324236433,28.24749592796573,7,8,1
1.9085814570417718,2.1103649423679336,1.105718531109272,0,0,0
1.9541671263357132,141.37975528333524,72.34746194600952,10,3,1
0.7570566050459306,18.119425126309835,23.933726577743506,22,9,1
2.611503457632694,0.1307231560225763,0.05005647420292266,0,0,0
1.383811735705564,2.369879539567889,1.7125612919785276,0,0,0
0.5112042501737178,117.95809543207902,230.7410159086825,13,8,1
1.2337245577021205,54.402068899913964,44.095440595617234,13,4,1
1.0116323451213474,1.6765691426105787,1.6572745799895048,0,0,0
2.8696754833064677,2.6457146759057024,0.9219528381407481,0,0,0
4.055664323010215,51.72034745368361,12.752588924668778,14,5,1
4.191872192812788,135.96382931887405,32.43503110654959,5,2,1
0.31093134855813837,0.9698625210375396,3.1191172403891443,0,0,0
3.426862111676317,120.62343416700199,35.19928092910267,19,7,1
0.6130011573895534,3.1607420915965925,5.156092272539208,0,0,0
2.8861609070946748,52.71160077571559,18.263506380076784,21,5,1
0.23049078158273067,2.3758689030291036,10.307422329396152,0,0,0
4.866399793955314,16.92739252758737,3.478414939204934,14,9,1
0.6685700505687149,136.2024338629235,203.71896192096295,3,3,1
3.7497172844826774,73.52859162624355,19.609050484957535,21,5,1
3.851262853860637,140.2129794250377,36.40691915258193,19,9,1
0.4415500780863869,23.49250926243323,53.20342673242564,13,7,1
2.249249882941171,1.880866650857727,0.8362157993047353,0,0,0
1.9357151284418697,69.8665030352886,36.093194229248084,9,7,1
1.7395188432544306,132.13161798723016,75.95827944998555,14,1,1
2.873854055068492,2.3862759143229217,0.8303370892281299,0,0,0
3.444763950830433,110.26401007298279,32.00906986840207,14,9,1
1.6407526532177026,2.200058020807713,1.3408752426764319,0,0,0
4.376119642496795,100.87426067688851,23.05102200293473,24,3,1
3.7255377935475376,64.56846494822443,17.331267380344382,8,4,1
3.112237769456019,37.516290249796015,12.054403450131923,12,9,1
1.5449414785640156,0.33888066531642663,0.2193471251481669,0,0,0
1.5367616161154558,142.32702226020214,92.61429659923473,23,2,1
2.986007195744706,24.985030281579057,8.367343067275218,4,4,1
3.7592828111695535,95.92283293490651,25.51619087768371,21,7,1
2.1058013904129704,3.0934808233270816,1.4690208427072946,0,0,0
2.4864238087729578,140.93423988364037,56.68127556276702,23,2,1
2.8211156130888164,2.6380947114005577,0.9351213214898785,1,0,0
4.266355793614917,56.817406039913784,13.317518653685827,6,5,1
1.2758678613582137,3.150677338296194,2.4694192396615415,0,0,0
2.7759958524888435,1.6098919483387015,0.5799310354102257,0,0,0
1.504860483124171,147.18307886489288,97.80448252220015,4,3,1
3.6076787524843823,87.052930845645,24.129834034517877,7,7,1
4.781127247189117,79.60880387842442,16.650600006353578,17,5,1
1.3686772738688144,2.90289195293062,2.1209315000972646,0,0,0
1.523957311739839,1.0942741051658709,0.718043029359069,0,0,0
2.7156265705725353,2.6007499110536916,0.9576943907871213,1,0,0
4.724492962326785,127.34580556152028,26.954328651495512,21,9,1
2.848540561883338,51.99731800298895,18.253956485367976,6,8,1
0.461644531585854,127.91936454577665,277.0889394421279,4,6,1
2.5874294931645268,34.994974860018104,13.524944236364753,3,9,1
1.30440556091588,69.8210878955691,53.52672107541023,7,4,1
1.5503269810222182,1.3770700946057162,0.888239209579934,0,0,0
0.2205612912461371,0.5598639229824754,2.538244754425993,1,0,0
4.002667266770857,71.1694817996928,17.780469684758895,12,6,1
2.953535374346034,75.04874183293553,25.409713520840224,24,9,1
0.20054377350680164,1.9067011887588179,9.507181816721856,1,0,0
1.6872661604157435,26.58222846143108,15.754521450051922,11,4,1
1.134584647411409,0.9708969800308803,0.8557214528078315,0,0,0
3.226199826763637,86.53793215572814,26.823404800839757,14,6,1
1.5929703263961017,1.2136234451392738,0.7618571460232214,0,0,0
1.7840273452074265,1.6670771572085783,0.9344407288821359,0,0,0
2.6069190737499714,46.53934309255648,17.85217080172087,14,4,1
1.7822576205414185,1.7017649942014301,0.9548313477660929,0,0,0
0.5480273916142848,1.6105225977101576,2.9387093332559733,0,0,0
3.7823063003315687,16.127885063238708,4.264023360982499,6,4,1
3.6435370659450093,142.3452836281631,39.06777682621857,14,7,1
3.2438182921606544,32.1074255786114,9.898004051634075,5,7,1
2.4544117596301014,0.14297262132986638,0.058251040502270215,0,0,0
2.452051981245304,64.64064859721833,26.361751493895735,19,3,1
1.8894928967416238,0.4528990197774644,0.23969215424780327,0,0,0
3.5733578103966797,20.670778601539606,5.784677004532859,22,1,1
2.0090915745675795,1.4569221572939783,0.7251610250753762,0,0,0
2.9724649118019526,1.3791147984254222,0.4639617959262724,0,0,0
4.569973229974957,51.988731063799655,11.376131694050997,22,9,1
1.7583740824889313,68.49179581253597,38.95155586007593,21,8,1
2.2115584790021168,17.28438136776732,7.815440277737281,9,4,1
3.0592670519509535,146.08166953110813,47.75038907899804,11,5,1
2.1719186987236534,44.38947284572638,20.437813115970204,6,5,1
0.624586513998805,2.5773897104248245,4.12648750458725,0,0,0
2.41830604901004,2.253559059648723,0.9318711921757449,0,0,0
2.971315653651911,1.0668262508675483,0.3590405008472782,0,0,0
1.8897204611516871,2.2910093723448823,1.212347167727104,0,0,0
0.37443559191796383,28.749380794221672,76.77852647954336,24,9,1
0.5820651499498103,2.9411163684580943,5.052812113198259,0,0,0
2.058226443061512,48.92653776419117,23.77109681889398,22,7,1
4.93266533096165,21.62223229935217,4.383469587716978,22,5,1
0.3195292091983837,1.302260878742487,4.075433753527215,0,0,0
1.0367793026868721,2.883549479568764,2.781229968418805,0,0,0
2.878542225866358,0.7833826131607987,0.27214465873552945,0,0,0
0.456469967549624,2.854843148822736,6.254038187365551,0,0,0
3.127369927930581,113.0243192298715,36.14025856610931,8,1,1
3.555331587402056,49.143093750098764,13.822326924712849,23,2,1
